geo_id,electricity,internet,computers,disability_infrastructure,water,sanitation_facilities,handwashing_facilities
LBY-000000,1,,,,1,1,1
LBY-000001,1,,,,1,1,1
LBY-000002,1,,,,1,1,1
LBY-000003,1,,,,0,1,1
LBY-000004,1,,,,1,1,1
LBY-000005,1,,,,1,1,1
LBY-000006,1,,,,1,1,1
LBY-000007,1,,,,1,1,1
LBY-000008,1,,,,1,1,1
LBY-000009,1,,,,1,1,1
LBY-000010,0,,,,0,0,0
LBY-000011,1,,,,1,1,1
LBY-000012,0,,,,0,0,0
LBY-000013,1,,,,1,1,1
LBY-000014,1,,,,1,1,1
LBY-000015,1,,,,1,1,1
LBY-000016,1,,,,1,1,1
LBY-000017,0,,,,1,1,1
LBY-000018,1,,,,1,0,0
LBY-000019,1,,,,1,1,1
LBY-000020,0,,,,1,0,0
LBY-000021,1,,,,1,0,1
LBY-000022,1,,,,0,1,1
LBY-000023,1,,,,1,1,1
LBY-000024,1,,,,0,0,0
LBY-000025,1,,,,0,0,0
LBY-000026,1,,,,1,1,1
LBY-000027,0,,,,0,0,0
LBY-000028,0,,,,0,0,0
LBY-000029,1,,,,1,1,1
LBY-000030,1,,,,1,1,1
LBY-000031,1,,,,0,1,1
LBY-000032,1,,,,1,1,1
LBY-000033,1,,,,0,0,0
LBY-000034,1,,,,0,0,0
LBY-000035,1,,,,0,1,1
LBY-000036,1,,,,1,1,1
LBY-000037,1,,,,1,1,1
LBY-000038,0,,,,0,0,0
LBY-000039,0,,,,1,1,1
LBY-000040,1,,,,1,1,1
LBY-000041,1,,,,1,1,1
LBY-000042,1,,,,0,0,0
LBY-000043,1,,,,1,1,1
LBY-000044,1,,,,1,1,1
LBY-000045,1,,,,1,0,0
LBY-000046,0,,,,0,0,0
LBY-000047,1,,,,1,1,1
LBY-000048,1,,,,1,1,1
LBY-000049,1,,,,1,1,1
LBY-000050,1,,,,1,1,1
LBY-000051,1,,,,1,1,1
LBY-000052,1,,,,1,1,1
LBY-000053,1,,,,1,1,1
LBY-000054,1,,,,1,1,1
LBY-000055,1,,,,0,1,1
LBY-000056,1,,,,1,1,1
LBY-000057,1,,,,1,1,1
LBY-000058,1,,,,1,0,1
LBY-000059,1,,,,1,1,1
LBY-000060,1,,,,1,1,1
LBY-000061,1,,,,1,1,1
LBY-000062,1,,,,1,1,1
LBY-000063,1,,,,1,1,1
LBY-000064,1,,,,1,1,1
LBY-000065,0,,,,1,1,1
LBY-000066,1,,,,1,1,1
LBY-000067,1,,,,1,1,1
LBY-000068,1,,,,1,1,1
LBY-000069,1,,,,1,1,1
LBY-000070,1,,,,1,1,1
LBY-000071,1,,,,1,0,1
LBY-000072,1,,,,1,1,1
LBY-000073,1,,,,1,1,1
LBY-000074,1,,,,1,1,1
LBY-000075,0,,,,0,1,1
LBY-000078,1,,,,1,1,1
LBY-000079,1,,,,1,1,1
LBY-000080,1,,,,1,0,1
LBY-000081,1,,,,1,1,1
LBY-000082,0,,,,1,0,0
LBY-000083,1,,,,1,1,1
LBY-000084,0,,,,1,1,1
LBY-000085,1,,,,1,1,1
LBY-000086,1,,,,1,1,1
LBY-000087,1,,,,1,1,1
LBY-000088,1,,,,1,1,1
LBY-000089,1,,,,1,1,1
LBY-000090,1,,,,1,1,1
LBY-000091,1,,,,1,1,1
LBY-000092,1,,,,1,1,1
LBY-000093,1,,,,1,1,1
LBY-000094,1,,,,1,1,1
LBY-000095,1,,,,1,1,1
LBY-000096,1,,,,1,1,1
LBY-000097,0,,,,1,0,0
LBY-000098,1,,,,1,1,1
LBY-000099,1,,,,1,1,1
LBY-000100,0,,,,0,1,1
LBY-000101,1,,,,0,1,1
LBY-000102,1,,,,0,1,1
LBY-000103,0,,,,0,1,1
LBY-000104,1,,,,1,1,1
LBY-000105,1,,,,1,1,1
LBY-000106,1,,,,1,1,1
LBY-000107,1,,,,1,1,1
LBY-000108,0,,,,1,0,0
LBY-000109,0,,,,0,0,0
LBY-000110,0,,,,0,0,0
LBY-000111,1,,,,1,1,1
LBY-000112,1,,,,0,0,1
LBY-000113,1,,,,1,1,1
LBY-000114,1,,,,0,1,1
LBY-000115,1,,,,1,1,1
LBY-000116,1,,,,1,1,1
LBY-000117,1,,,,1,1,1
LBY-000118,1,,,,1,1,1
LBY-000119,1,,,,1,1,1
LBY-000120,1,,,,1,1,1
LBY-000121,1,,,,1,1,1
LBY-000122,1,,,,1,1,1
LBY-000123,1,,,,1,1,1
LBY-000124,0,,,,0,0,0
LBY-000125,1,,,,1,0,1
LBY-000126,1,,,,1,1,1
LBY-000127,1,,,,0,1,1
LBY-000128,0,,,,1,1,1
LBY-000129,1,,,,1,1,1
LBY-000130,0,,,,1,1,1
LBY-000131,1,,,,1,1,1
LBY-000132,1,,,,1,1,1
LBY-000133,1,,,,1,1,1
LBY-000134,1,,,,1,1,1
LBY-000135,0,,,,1,1,1
LBY-000136,1,,,,1,1,1
LBY-000137,1,,,,1,1,1
LBY-000138,1,,,,1,1,1
LBY-000139,1,,,,1,0,1
LBY-000140,1,,,,0,0,0
LBY-000141,1,,,,1,0,1
LBY-000142,1,,,,0,1,1
LBY-000143,1,,,,1,1,1
LBY-000144,1,,,,1,1,1
LBY-000145,1,,,,0,1,1
LBY-000146,1,,,,1,1,1
LBY-000147,1,,,,1,1,1
LBY-000148,1,,,,1,1,1
LBY-000149,1,,,,0,1,1
LBY-000150,1,,,,1,1,1
LBY-000151,1,,,,1,1,1
LBY-000152,1,,,,1,1,1
LBY-000153,1,,,,1,1,1
LBY-000154,1,,,,1,1,1
LBY-000155,1,,,,1,1,1
LBY-000156,1,,,,1,1,1
LBY-000157,1,,,,0,0,0
LBY-000158,1,,,,1,1,1
LBY-000159,1,,,,1,1,1
LBY-000160,1,,,,1,1,1
LBY-000161,1,,,,1,0,1
LBY-000162,1,,,,1,0,0
LBY-000163,1,,,,1,1,1
LBY-000164,1,,,,1,1,1
LBY-000165,1,,,,1,1,1
LBY-000166,1,,,,1,1,1
LBY-000167,1,,,,1,1,1
LBY-000168,0,,,,1,1,1
LBY-000169,1,,,,1,1,1
LBY-000170,1,,,,1,1,1
LBY-000171,1,,,,0,0,0
LBY-000172,0,,,,1,1,1
LBY-000173,0,,,,1,1,1
LBY-000174,1,,,,0,0,0
LBY-000175,0,,,,0,0,0
LBY-000176,1,,,,1,1,1
LBY-000177,1,,,,0,0,0
LBY-000178,1,,,,1,1,1
LBY-000179,1,,,,0,0,0
LBY-000180,1,,,,0,0,0
LBY-000181,1,,,,0,0,0
LBY-000182,1,,,,0,0,0
LBY-000183,1,,,,0,0,0
LBY-000184,1,,,,1,1,1
LBY-000185,1,,,,1,1,1
LBY-000186,0,,,,0,0,0
LBY-000187,1,,,,1,1,1
LBY-000188,1,,,,1,1,1
LBY-000189,1,,,,1,1,1
LBY-000190,1,,,,1,1,1
LBY-000191,1,,,,1,1,1
LBY-000192,1,,,,1,1,1
LBY-000193,1,,,,1,1,1
LBY-000194,0,,,,1,1,1
LBY-000195,1,,,,1,1,1
LBY-000196,1,,,,1,1,1
LBY-000197,1,,,,1,1,1
LBY-000198,1,,,,1,1,1
LBY-000199,1,,,,1,1,1
LBY-000200,1,,,,1,1,1
LBY-000201,1,,,,0,0,0
LBY-000202,1,,,,1,1,1
LBY-000203,1,,,,1,1,1
LBY-000204,1,,,,1,1,1
LBY-000205,1,,,,1,1,1
LBY-000206,1,,,,1,1,1
LBY-000207,1,,,,1,0,1
LBY-000208,1,,,,1,1,1
LBY-000209,0,,,,0,0,0
LBY-000210,1,,,,1,1,1
LBY-000211,0,,,,0,0,0
LBY-000212,0,,,,0,0,0
LBY-000213,1,,,,1,1,1
LBY-000214,1,,,,1,1,1
LBY-000215,0,,,,0,0,0
LBY-000216,1,,,,1,1,1
LBY-000217,1,,,,1,1,1
LBY-000218,0,,,,0,0,0
LBY-000219,1,,,,1,1,1
LBY-000220,1,,,,1,1,1
LBY-000221,0,,,,1,1,1
LBY-000222,1,,,,1,1,1
LBY-000223,1,,,,1,1,1
LBY-000224,1,,,,1,1,1
LBY-000225,1,,,,1,1,1
LBY-000226,1,,,,1,1,1
LBY-000227,1,,,,1,1,1
LBY-000228,1,,,,1,1,1
LBY-000229,0,,,,0,0,0
LBY-000230,0,,,,1,1,1
LBY-000231,1,,,,1,1,1
LBY-000232,1,,,,1,1,1
LBY-000233,1,,,,1,1,1
LBY-000234,1,,,,1,1,1
LBY-000235,1,,,,1,1,1
LBY-000236,0,,,,1,1,1
LBY-000237,1,,,,1,1,1
LBY-000238,1,,,,1,1,1
LBY-000239,1,,,,0,1,1
LBY-000240,1,,,,1,0,0
LBY-000241,1,,,,1,0,1
LBY-000242,1,,,,1,0,1
LBY-000243,0,,,,0,0,0
LBY-000244,0,,,,0,0,0
LBY-000245,1,,,,1,1,1
LBY-000246,1,,,,0,1,1
LBY-000247,1,,,,1,1,1
LBY-000248,1,,,,1,1,1
LBY-000249,1,,,,1,0,0
LBY-000250,0,,,,0,0,0
LBY-000251,1,,,,1,1,1
LBY-000252,1,,,,1,1,1
LBY-000253,1,,,,1,1,1
LBY-000254,1,,,,1,1,1
LBY-000255,1,,,,1,1,1
LBY-000256,1,,,,1,0,0
LBY-000257,1,,,,1,0,0
LBY-000258,1,,,,1,1,1
LBY-000259,1,,,,1,0,0
LBY-000260,1,,,,1,1,1
LBY-000261,1,,,,1,1,1
LBY-000262,1,,,,1,0,1
LBY-000263,1,,,,1,1,1
LBY-000264,1,,,,0,1,1
LBY-000265,0,,,,1,0,0
LBY-000266,1,,,,1,1,1
LBY-000267,1,,,,1,1,1
LBY-000268,1,,,,1,1,1
LBY-000269,1,,,,1,1,1
LBY-000270,1,,,,1,1,1
LBY-000271,1,,,,1,1,1
LBY-000272,1,,,,1,1,1
LBY-000273,0,,,,0,1,1
LBY-000274,1,,,,1,1,1
LBY-000275,1,,,,1,1,1
LBY-000276,0,,,,1,1,1
LBY-000277,1,,,,0,1,1
LBY-000278,1,,,,1,1,1
LBY-000279,1,,,,1,1,1
LBY-000280,1,,,,1,1,1
LBY-000281,0,,,,1,0,0
LBY-000282,1,,,,1,1,1
LBY-000283,0,,,,0,0,0
LBY-000284,1,,,,1,1,1
LBY-000285,0,,,,1,1,1
LBY-000286,1,,,,1,1,1
LBY-000287,0,,,,0,0,0
LBY-000288,0,,,,0,0,0
LBY-000289,1,,,,1,1,1
LBY-000290,1,,,,1,1,1
LBY-000291,1,,,,1,1,1
LBY-000292,1,,,,1,1,1
LBY-000293,1,,,,1,1,1
LBY-000294,1,,,,1,1,1
LBY-000295,1,,,,1,0,0
LBY-000296,0,,,,0,0,0
LBY-000297,0,,,,1,0,0
LBY-000298,1,,,,1,0,0
LBY-000299,1,,,,1,1,1
LBY-000300,1,,,,1,1,1
LBY-000301,1,,,,1,1,1
LBY-000302,1,,,,1,1,1
LBY-000303,1,,,,1,1,1
LBY-000304,0,,,,1,1,1
LBY-000305,1,,,,0,1,1
LBY-000306,1,,,,0,0,0
LBY-000307,1,,,,1,1,1
LBY-000308,1,,,,1,1,1
LBY-000309,0,,,,1,1,1
LBY-000310,1,,,,1,1,1
LBY-000311,1,,,,1,1,1
LBY-000312,1,,,,1,1,1
LBY-000313,1,,,,0,0,0
LBY-000316,1,,,,1,1,1
LBY-000317,1,,,,1,1,1
LBY-000318,1,,,,0,1,1
LBY-000319,0,,,,1,0,1
LBY-000320,0,,,,1,0,0
LBY-000321,1,,,,1,1,1
LBY-000322,1,,,,1,1,1
LBY-000323,1,,,,1,1,1
LBY-000324,1,,,,1,1,1
LBY-000325,1,,,,1,1,1
LBY-000326,1,,,,1,1,1
LBY-000327,1,,,,1,1,1
LBY-000328,1,,,,1,1,1
LBY-000329,1,,,,1,0,0
LBY-000330,1,,,,1,1,1
LBY-000331,1,,,,1,1,1
LBY-000332,1,,,,1,1,1
LBY-000333,1,,,,1,1,1
LBY-000334,1,,,,1,1,1
LBY-000335,1,,,,1,1,1
LBY-000336,1,,,,1,1,1
LBY-000337,1,,,,1,1,1
LBY-000338,1,,,,1,1,1
LBY-000339,1,,,,1,1,1
LBY-000340,1,,,,1,1,1
LBY-000341,1,,,,1,1,1
LBY-000342,1,,,,1,1,1
LBY-000343,1,,,,1,1,1
LBY-000344,0,,,,0,0,0
LBY-000345,1,,,,1,1,1
LBY-000346,1,,,,1,1,1
LBY-000347,1,,,,1,0,1
LBY-000348,1,,,,1,1,1
LBY-000349,1,,,,1,1,1
LBY-000350,1,,,,1,1,1
LBY-000351,1,,,,1,1,1
LBY-000352,1,,,,0,0,0
LBY-000353,0,,,,1,1,1
LBY-000354,1,,,,1,1,1
LBY-000355,1,,,,1,1,1
LBY-000356,1,,,,1,1,1
LBY-000357,1,,,,1,1,1
LBY-000358,1,,,,1,1,1
LBY-000359,1,,,,1,1,1
LBY-000360,1,,,,0,0,0
LBY-000361,1,,,,1,1,1
LBY-000362,1,,,,1,1,1
LBY-000363,1,,,,1,1,1
LBY-000364,1,,,,1,1,1
LBY-000365,1,,,,1,1,1
LBY-000366,1,,,,1,1,1
LBY-000367,1,,,,1,1,1
LBY-000368,1,,,,1,1,1
LBY-000369,1,,,,1,0,1
LBY-000370,1,,,,1,1,1
LBY-000371,1,,,,1,0,0
LBY-000372,1,,,,1,1,1
LBY-000373,1,,,,1,1,1
LBY-000374,0,,,,1,1,1
LBY-000375,1,,,,1,1,1
LBY-000376,1,,,,1,1,1
LBY-000378,1,,,,1,1,1
LBY-000379,1,,,,1,1,1
LBY-000380,1,,,,1,1,1
LBY-000381,1,,,,1,1,1
LBY-000382,1,,,,1,1,1
LBY-000383,1,,,,1,1,1
LBY-000384,1,,,,1,1,1
LBY-000385,1,,,,1,1,1
LBY-000386,1,,,,1,1,1
LBY-000387,1,,,,1,1,1
LBY-000388,1,,,,1,1,1
LBY-000389,1,,,,1,1,1
LBY-000390,1,,,,1,1,1
LBY-000391,0,,,,1,1,1
LBY-000392,1,,,,1,1,1
LBY-000393,1,,,,1,1,1
LBY-000394,1,,,,1,1,1
LBY-000395,1,,,,1,1,1
LBY-000396,1,,,,1,1,1
LBY-000397,1,,,,1,1,1
LBY-000398,1,,,,1,1,1
LBY-000399,1,,,,1,0,1
LBY-000400,1,,,,1,0,0
LBY-000401,1,,,,1,1,1
LBY-000402,1,,,,0,0,1
LBY-000403,1,,,,1,1,1
LBY-000404,1,,,,1,1,1
LBY-000405,1,,,,1,1,1
LBY-000406,1,,,,1,1,1
LBY-000407,1,,,,1,1,1
LBY-000408,1,,,,1,1,1
LBY-000409,1,,,,1,1,1
LBY-000410,1,,,,1,1,1
LBY-000412,1,,,,1,1,1
LBY-000413,1,,,,1,1,1
LBY-000414,1,,,,1,0,1
LBY-000415,1,,,,1,1,1
LBY-000416,1,,,,1,1,1
LBY-000417,1,,,,1,1,1
LBY-000418,0,,,,0,1,1
LBY-000419,1,,,,1,1,1
LBY-000420,1,,,,1,0,1
LBY-000421,1,,,,1,1,1
LBY-000422,1,,,,1,1,1
LBY-000423,1,,,,1,1,1
LBY-000424,1,,,,1,1,1
LBY-000425,1,,,,1,1,1
LBY-000426,1,,,,1,1,1
LBY-000427,1,,,,0,1,1
LBY-000428,1,,,,1,1,1
LBY-000429,1,,,,1,1,1
LBY-000430,1,,,,1,1,1
LBY-000431,1,,,,1,1,1
LBY-000432,1,,,,1,1,1
LBY-000433,0,,,,1,1,1
LBY-000434,1,,,,1,1,1
LBY-000435,1,,,,1,1,1
LBY-000436,1,,,,1,1,1
LBY-000437,1,,,,1,1,1
LBY-000438,1,,,,1,0,1
LBY-000439,1,,,,1,1,1
LBY-000440,1,,,,0,1,1
LBY-000441,1,,,,1,1,1
LBY-000442,1,,,,1,1,1
LBY-000443,1,,,,0,0,1
LBY-000444,1,,,,1,1,1
LBY-000445,1,,,,1,1,1
LBY-000446,1,,,,1,1,1
LBY-000447,1,,,,1,1,1
LBY-000446,1,,,,1,1,1
LBY-000447,1,,,,1,1,1
LBY-000449,1,,,,1,1,1
LBY-000448,1,,,,1,1,1
LBY-000449,1,,,,1,1,1
LBY-000448,1,,,,1,1,1
LBY-000451,1,,,,1,1,1
LBY-000450,1,,,,1,1,1
LBY-000451,1,,,,1,1,1
LBY-000450,1,,,,1,1,1
LBY-000452,0,,,,1,1,1
LBY-000453,0,,,,1,1,1
LBY-000452,1,,,,0,1,1
LBY-000453,1,,,,0,1,1
LBY-000454,1,,,,1,1,1
LBY-000455,1,,,,1,1,1
LBY-000456,1,,,,1,1,1
LBY-000457,0,,,,0,0,0
LBY-000458,1,,,,0,1,1
LBY-000459,1,,,,1,1,1
LBY-000460,1,,,,1,1,1
LBY-000461,1,,,,1,1,1
LBY-000462,1,,,,1,1,1
LBY-000463,1,,,,0,1,1
LBY-000464,0,,,,1,1,1
LBY-000465,1,,,,1,1,1
LBY-000466,1,,,,1,1,1
LBY-000467,1,,,,1,0,1
LBY-000468,1,,,,0,1,1
LBY-000469,1,,,,1,1,1
LBY-000470,1,,,,1,1,1
LBY-000471,1,,,,1,1,1
LBY-000472,1,,,,1,1,1
LBY-000473,1,,,,1,1,1
LBY-000474,1,,,,1,1,1
LBY-000475,1,,,,1,1,1
LBY-000476,1,,,,1,1,1
LBY-000477,1,,,,1,1,1
LBY-000478,0,,,,1,1,1
LBY-000479,0,,,,0,0,0
LBY-000480,1,,,,1,1,1
LBY-000481,1,,,,1,1,1
LBY-000482,1,,,,1,1,1
LBY-000483,0,,,,1,1,1
LBY-000484,1,,,,1,1,1
LBY-000485,1,,,,1,1,1
LBY-000486,1,,,,1,1,1
LBY-000487,1,,,,1,0,0
LBY-000488,0,,,,0,0,0
LBY-000489,1,,,,1,1,1
LBY-000490,1,,,,1,1,1
LBY-000491,1,,,,1,1,1
LBY-000492,0,,,,1,0,0
LBY-000493,1,,,,1,1,1
LBY-000494,1,,,,1,1,1
LBY-000495,1,,,,1,1,1
LBY-000496,1,,,,1,1,1
LBY-000497,1,,,,1,1,1
LBY-000498,0,,,,0,0,0
LBY-000499,1,,,,1,1,1
LBY-000500,1,,,,1,0,0
LBY-000501,0,,,,0,0,0
LBY-000502,0,,,,0,0,0
LBY-000503,1,,,,1,0,0
LBY-000504,1,,,,1,1,1
LBY-000505,1,,,,1,1,1
LBY-000506,1,,,,1,1,1
LBY-000507,0,,,,0,0,0
LBY-000508,0,,,,1,1,1
LBY-000509,1,,,,1,1,1
LBY-000510,1,,,,1,1,1
LBY-000511,1,,,,1,1,1
LBY-000512,1,,,,1,0,1
LBY-000513,1,,,,1,1,1
LBY-000514,1,,,,1,1,1
LBY-000515,1,,,,1,1,1
LBY-000516,1,,,,1,1,1
LBY-000517,0,,,,0,1,1
LBY-000518,1,,,,1,1,1
LBY-000519,0,,,,0,0,0
LBY-000520,1,,,,1,0,0
LBY-000521,0,,,,0,0,0
LBY-000522,1,,,,1,1,1
LBY-000523,1,,,,1,1,1
LBY-000524,1,,,,1,1,1
LBY-000528,1,,,,0,1,1
LBY-000529,1,,,,0,1,1
LBY-000530,1,,,,1,1,1
LBY-000531,1,,,,1,1,1
LBY-000532,1,,,,1,1,1
LBY-000533,1,,,,1,1,1
LBY-000534,1,,,,1,1,1
LBY-000535,1,,,,1,1,1
LBY-000536,1,,,,1,1,1
LBY-000537,1,,,,1,1,1
LBY-000538,1,,,,1,0,1
LBY-000539,1,,,,1,1,1
LBY-000540,1,,,,1,1,1
LBY-000541,1,,,,1,1,1
LBY-000543,1,,,,0,1,1
LBY-000550,1,,,,1,1,1
LBY-000551,1,,,,1,1,1
LBY-000552,1,,,,0,1,1
LBY-000553,1,,,,1,1,1
LBY-000554,1,,,,1,1,1
LBY-000555,1,,,,1,1,1
LBY-000556,1,,,,1,1,1
LBY-000557,1,,,,1,1,1
LBY-000558,1,,,,1,1,1
LBY-000559,1,,,,1,1,1
LBY-000560,1,,,,1,1,1
LBY-000561,1,,,,1,1,1
LBY-000562,1,,,,1,1,1
LBY-000563,1,,,,1,1,1
LBY-000564,1,,,,1,1,1
LBY-000565,1,,,,1,1,1
LBY-000566,1,,,,1,1,1
LBY-000567,1,,,,1,1,1
LBY-000568,0,,,,1,1,1
LBY-000569,0,,,,1,1,1
LBY-000570,1,,,,0,1,1
LBY-000571,1,,,,1,1,1
LBY-000572,0,,,,0,0,0
LBY-000573,1,,,,1,1,1
LBY-000574,1,,,,1,1,1
LBY-000575,1,,,,1,1,1
LBY-000576,0,,,,0,0,0
LBY-000577,0,,,,0,0,0
LBY-000578,1,,,,1,0,0
LBY-000579,0,,,,0,0,0
LBY-000580,0,,,,1,0,0
LBY-000581,1,,,,1,1,1
LBY-000582,1,,,,1,1,1
LBY-000583,1,,,,0,0,1
LBY-000584,1,,,,1,1,1
LBY-000585,1,,,,1,0,1
LBY-000586,1,,,,0,1,1
LBY-000587,1,,,,1,1,1
LBY-000588,1,,,,1,1,1
LBY-000589,0,,,,0,0,0
LBY-000590,1,,,,1,1,1
LBY-000591,1,,,,0,1,1
LBY-000592,1,,,,1,0,1
LBY-000593,1,,,,1,1,1
LBY-000594,1,,,,1,1,1
LBY-000595,1,,,,1,0,1
LBY-000596,1,,,,1,1,1
LBY-000597,1,,,,1,1,1
LBY-000598,0,,,,0,1,1
LBY-000599,1,,,,1,1,1
LBY-000600,0,,,,0,0,0
LBY-000601,0,,,,0,0,0
LBY-000602,1,,,,1,1,1
LBY-000603,1,,,,1,1,1
LBY-000604,1,,,,1,1,1
LBY-000605,1,,,,1,1,1
LBY-000606,1,,,,1,1,1
LBY-000607,0,,,,0,0,0
LBY-000608,1,,,,1,1,1
LBY-000609,1,,,,1,1,1
LBY-000610,1,,,,1,1,1
LBY-000611,1,,,,0,1,1
LBY-000612,0,,,,0,0,0
LBY-000613,1,,,,1,1,1
LBY-000614,1,,,,1,1,1
LBY-000615,1,,,,1,1,1
LBY-000616,1,,,,1,1,1
LBY-000617,1,,,,0,1,1
LBY-000618,1,,,,1,1,1
LBY-000619,1,,,,1,1,1
LBY-000620,1,,,,1,1,1
LBY-000621,1,,,,1,1,1
LBY-000622,1,,,,1,1,1
LBY-000623,1,,,,1,1,1
LBY-000624,1,,,,1,1,1
LBY-000625,1,,,,1,1,1
LBY-000626,1,,,,1,1,1
LBY-000627,1,,,,1,1,1
LBY-000628,1,,,,1,1,1
LBY-000629,1,,,,1,1,1
LBY-000630,1,,,,1,1,1
LBY-000631,1,,,,1,1,1
LBY-000632,1,,,,1,1,1
LBY-000633,1,,,,1,1,1
LBY-000634,1,,,,1,1,1
LBY-000635,1,,,,1,1,1
LBY-000636,1,,,,1,1,1
LBY-000637,0,,,,0,0,0
LBY-000638,1,,,,1,1,1
LBY-000639,1,,,,0,1,1
LBY-000640,1,,,,1,1,1
LBY-000641,0,,,,1,0,0
LBY-000642,1,,,,1,1,1
LBY-000643,1,,,,1,1,1
LBY-000644,1,,,,1,1,1
LBY-000645,1,,,,1,1,1
LBY-000646,1,,,,1,1,1
LBY-000647,1,,,,1,1,1
LBY-000648,1,,,,1,1,1
LBY-000649,1,,,,1,1,1
LBY-000650,1,,,,1,1,1
LBY-000651,1,,,,1,1,1
LBY-000652,1,,,,1,1,1
LBY-000653,1,,,,1,1,1
LBY-000654,1,,,,1,1,1
LBY-000655,1,,,,1,1,1
LBY-000659,1,,,,0,1,1
LBY-000660,1,,,,1,1,1
LBY-000661,1,,,,1,1,1
LBY-000662,1,,,,1,1,1
LBY-000663,1,,,,1,1,1
LBY-000664,1,,,,1,1,1
LBY-000665,1,,,,1,1,1
LBY-000666,1,,,,1,1,1
LBY-000667,1,,,,1,1,1
LBY-000668,1,,,,1,1,1
LBY-000669,1,,,,1,1,1
LBY-000670,0,,,,0,0,0
LBY-000671,0,,,,0,0,0
LBY-000672,0,,,,0,0,0
LBY-000673,1,,,,1,1,1
LBY-000674,1,,,,0,1,1
LBY-000675,1,,,,1,1,1
LBY-000676,1,,,,1,0,1
LBY-000677,1,,,,1,1,1
LBY-000678,0,,,,0,0,0
LBY-000679,1,,,,1,1,1
LBY-000680,1,,,,0,1,1
LBY-000681,1,,,,1,1,1
LBY-000682,1,,,,1,1,1
LBY-000683,1,,,,1,1,1
LBY-000684,1,,,,1,1,1
LBY-000685,1,,,,1,1,1
LBY-000686,1,,,,1,1,1
LBY-000687,1,,,,1,1,1
LBY-000688,1,,,,1,1,1
LBY-000689,1,,,,1,1,1
LBY-000690,1,,,,1,1,1
LBY-000691,0,,,,0,0,0
LBY-000692,0,,,,0,0,0
LBY-000693,1,,,,1,1,1
LBY-000695,1,,,,1,1,1
LBY-000696,1,,,,0,1,1
LBY-000697,1,,,,1,1,1
LBY-000698,1,,,,1,1,1
LBY-000699,0,,,,0,0,1
LBY-000700,1,,,,1,1,1
LBY-000701,1,,,,1,1,1
LBY-000702,0,,,,0,0,0
LBY-000703,1,,,,1,1,1
LBY-000704,1,,,,1,1,1
LBY-000705,1,,,,1,1,1
LBY-000706,1,,,,0,0,0
LBY-000707,1,,,,1,1,1
LBY-000708,1,,,,1,1,1
LBY-000709,1,,,,1,1,1
LBY-000710,1,,,,0,0,0
LBY-000711,1,,,,1,0,1
LBY-000712,1,,,,1,1,1
LBY-000713,1,,,,1,1,1
LBY-000714,1,,,,1,1,1
LBY-000715,1,,,,1,1,1
LBY-000716,1,,,,1,1,1
LBY-000717,1,,,,1,1,1
LBY-000718,1,,,,0,1,1
LBY-000719,0,,,,0,0,0
LBY-000720,0,,,,0,0,0
LBY-000721,1,,,,0,1,1
LBY-000722,1,,,,1,1,1
LBY-000723,1,,,,1,1,1
LBY-000724,1,,,,1,1,1
LBY-000725,1,,,,1,1,1
LBY-000726,1,,,,0,0,0
LBY-000727,1,,,,1,1,1
LBY-000728,1,,,,1,1,1
LBY-000729,1,,,,1,1,1
LBY-000730,1,,,,1,1,1
LBY-000731,1,,,,1,1,1
LBY-000732,1,,,,1,1,1
LBY-000733,1,,,,1,1,1
LBY-000734,1,,,,1,0,1
LBY-000735,1,,,,0,1,1
LBY-000736,1,,,,1,1,1
LBY-000737,1,,,,1,1,1
LBY-000738,0,,,,0,0,0
LBY-000739,1,,,,1,1,1
LBY-000740,1,,,,1,1,1
LBY-000741,1,,,,1,1,1
LBY-000742,1,,,,1,1,1
LBY-000743,0,,,,0,0,0
LBY-000744,1,,,,1,1,1
LBY-000745,1,,,,1,1,1
LBY-000746,1,,,,0,1,1
LBY-000747,0,,,,1,0,0
LBY-000748,1,,,,1,1,1
LBY-000749,1,,,,1,1,1
LBY-000750,1,,,,1,1,1
LBY-000751,1,,,,0,1,1
LBY-000752,1,,,,1,1,1
LBY-000753,1,,,,1,1,1
LBY-000754,1,,,,1,1,1
LBY-000755,1,,,,1,1,1
LBY-000756,1,,,,1,1,1
LBY-000757,1,,,,1,1,1
LBY-000758,1,,,,1,1,1
LBY-000759,1,,,,1,1,1
LBY-000760,1,,,,1,1,1
LBY-000761,1,,,,1,1,1
LBY-000762,1,,,,1,1,1
LBY-000763,1,,,,1,1,1
LBY-000764,1,,,,1,1,0
LBY-000765,1,,,,1,1,1
LBY-000766,1,,,,1,1,1
LBY-000767,0,,,,0,0,0
LBY-000768,1,,,,1,1,1
LBY-000769,1,,,,1,1,1
LBY-000770,1,,,,0,1,1
LBY-000771,1,,,,1,1,1
LBY-000772,1,,,,1,1,1
LBY-000773,1,,,,1,1,1
LBY-000774,0,,,,1,1,1
LBY-000775,1,,,,1,1,1
LBY-000776,1,,,,1,1,1
LBY-000777,1,,,,1,0,0
LBY-000778,1,,,,1,1,1
LBY-000779,1,,,,1,1,1
LBY-000780,1,,,,1,1,1
LBY-000781,1,,,,0,1,1
LBY-000782,1,,,,1,1,1
LBY-000783,1,,,,1,1,1
LBY-000784,1,,,,1,1,1
LBY-000785,1,,,,1,0,1
LBY-000786,1,,,,1,1,1
LBY-000787,1,,,,1,1,1
LBY-000788,1,,,,1,1,1
LBY-000789,0,,,,0,0,0
LBY-000790,1,,,,1,1,1
LBY-000791,1,,,,1,1,1
LBY-000792,1,,,,1,1,1
LBY-000793,0,,,,1,1,1
LBY-000794,1,,,,1,1,1
LBY-000795,1,,,,1,1,1
LBY-000796,1,,,,1,1,1
LBY-000797,1,,,,1,1,1
LBY-000798,1,,,,1,1,1
LBY-000799,1,,,,1,1,1
LBY-000800,1,,,,1,1,1
LBY-000801,1,,,,0,1,1
LBY-000802,1,,,,1,1,1
LBY-000803,1,,,,1,1,0
LBY-000804,1,,,,1,1,1
LBY-000805,1,,,,1,1,1
LBY-000806,1,,,,1,1,1
LBY-000807,1,,,,1,1,1
LBY-000808,1,,,,1,1,1
LBY-000809,1,,,,1,1,1
LBY-000810,1,,,,1,1,1
LBY-000811,1,,,,1,1,1
LBY-000812,1,,,,1,1,1
LBY-000813,1,,,,1,1,1
LBY-000814,1,,,,1,1,1
LBY-000815,1,,,,1,1,1
LBY-000816,1,,,,1,1,1
LBY-000817,1,,,,1,1,1
LBY-000818,1,,,,1,1,1
LBY-000819,1,,,,1,1,1
LBY-000820,1,,,,0,1,1
LBY-000821,1,,,,1,1,1
LBY-000822,1,,,,1,1,1
LBY-000823,1,,,,1,1,1
LBY-000824,1,,,,1,1,1
LBY-000825,1,,,,0,1,1
LBY-000826,1,,,,1,1,1
LBY-000827,0,,,,1,0,0
LBY-000828,1,,,,1,1,1
LBY-000829,1,,,,1,1,1
LBY-000830,1,,,,1,1,1
LBY-000831,1,,,,1,1,1
LBY-000832,1,,,,1,1,1
LBY-000833,1,,,,1,1,1
LBY-000834,1,,,,1,1,1
LBY-000835,1,,,,1,1,1
LBY-000836,1,,,,1,1,1
LBY-000837,1,,,,1,1,1
LBY-000838,1,,,,1,1,1
LBY-000839,1,,,,1,1,1
LBY-000840,1,,,,1,1,1
LBY-000841,1,,,,1,1,1
LBY-000842,1,,,,0,0,1
LBY-000843,1,,,,0,1,1
LBY-000844,1,,,,1,1,1
LBY-000845,1,,,,1,1,1
LBY-000846,1,,,,1,0,1
LBY-000847,1,,,,1,1,1
LBY-000848,1,,,,1,1,1
LBY-000849,1,,,,1,1,1
LBY-000850,1,,,,1,1,1
LBY-000851,1,,,,1,1,1
LBY-000852,1,,,,1,1,1
LBY-000853,1,,,,1,1,1
LBY-000854,1,,,,1,1,1
LBY-000855,1,,,,1,1,1
LBY-000856,1,,,,1,1,1
LBY-000857,1,,,,1,1,1
LBY-000858,0,,,,1,1,1
LBY-000859,0,,,,1,1,1
LBY-000860,1,,,,1,1,1
LBY-000861,1,,,,1,1,1
LBY-000862,1,,,,1,1,1
LBY-000863,1,,,,1,1,1
LBY-000864,1,,,,1,1,1
LBY-000865,1,,,,0,1,1
LBY-000866,1,,,,1,1,1
LBY-000867,1,,,,1,1,1
LBY-000868,1,,,,1,1,1
LBY-000869,1,,,,1,1,1
LBY-000870,1,,,,1,1,1
LBY-000871,1,,,,1,1,1
LBY-000872,0,,,,1,1,1
LBY-000873,1,,,,1,1,1
LBY-000874,1,,,,1,1,1
LBY-000875,0,,,,1,1,1
LBY-000876,1,,,,1,1,1
LBY-000877,1,,,,1,0,1
LBY-000878,1,,,,1,1,1
LBY-000879,1,,,,1,1,1
LBY-000880,0,,,,1,0,0
LBY-000881,1,,,,1,0,1
LBY-000882,1,,,,1,1,1
LBY-000883,0,,,,0,0,0
LBY-000884,1,,,,1,1,1
LBY-000885,1,,,,1,1,1
LBY-000886,1,,,,1,1,1
LBY-000887,1,,,,1,1,1
LBY-000888,1,,,,1,1,1
LBY-000889,1,,,,1,1,1
LBY-000890,1,,,,1,1,1
LBY-000891,1,,,,1,1,1
LBY-000892,1,,,,1,1,1
LBY-000893,1,,,,1,1,1
LBY-000894,1,,,,1,1,1
LBY-000895,1,,,,1,1,1
LBY-000896,1,,,,1,1,1
LBY-000897,1,,,,1,1,1
LBY-000898,1,,,,1,1,1
LBY-000899,1,,,,1,1,1
LBY-000900,1,,,,1,1,1
LBY-000901,1,,,,1,0,1
LBY-000902,1,,,,0,1,1
LBY-000903,1,,,,1,1,1
LBY-000904,0,,,,0,0,0
LBY-000905,1,,,,1,1,1
LBY-000906,1,,,,1,1,1
LBY-000907,1,,,,1,1,1
LBY-000908,0,,,,0,0,0
LBY-000909,1,,,,1,1,1
LBY-000910,1,,,,1,1,1
LBY-000911,1,,,,0,1,1
LBY-000912,1,,,,1,1,1
LBY-000913,1,,,,1,1,1
LBY-000914,1,,,,1,1,1
LBY-000915,1,,,,1,1,1
LBY-000916,1,,,,1,1,1
LBY-000917,1,,,,1,1,1
LBY-000918,1,,,,1,1,1
LBY-000919,1,,,,1,1,1
LBY-000920,1,,,,0,1,1
LBY-000921,1,,,,1,1,1
LBY-000922,1,,,,1,1,1
LBY-000923,1,,,,1,1,1
LBY-000924,1,,,,1,1,1
LBY-000925,1,,,,1,1,1
LBY-000926,1,,,,1,1,1
LBY-000927,1,,,,1,1,1
LBY-000928,1,,,,0,1,1
LBY-000929,1,,,,1,1,1
LBY-000930,1,,,,1,1,1
LBY-000931,1,,,,1,1,1
LBY-000932,1,,,,1,1,1
LBY-000933,1,,,,1,1,1
LBY-000934,1,,,,1,1,1
LBY-000935,1,,,,0,1,1
LBY-000936,1,,,,1,1,1
LBY-000937,1,,,,1,1,1
LBY-000938,1,,,,1,1,1
LBY-000939,1,,,,1,1,1
LBY-000940,1,,,,1,1,1
LBY-000941,1,,,,1,1,1
LBY-000942,1,,,,1,1,1
LBY-000943,1,,,,1,1,1
LBY-000944,1,,,,1,1,1
LBY-000945,1,,,,1,1,1
LBY-000946,1,,,,1,1,1
LBY-000947,1,,,,1,1,1
LBY-000948,1,,,,1,1,1
LBY-000949,1,,,,1,1,1
LBY-000950,1,,,,1,1,1
LBY-000951,1,,,,1,1,1
LBY-000952,1,,,,1,1,1
LBY-000953,1,,,,1,1,1
LBY-000954,1,,,,1,1,1
LBY-000955,1,,,,1,1,1
LBY-000956,1,,,,1,1,1
LBY-000957,1,,,,1,1,1
LBY-000958,1,,,,1,1,1
LBY-000959,1,,,,1,1,1
LBY-000960,1,,,,1,1,1
LBY-000961,1,,,,1,1,1
LBY-000962,1,,,,1,1,1
LBY-000963,1,,,,1,1,1
LBY-000964,1,,,,1,1,1
LBY-000965,1,,,,1,1,1
LBY-000966,1,,,,1,1,1
LBY-000967,1,,,,1,1,1
LBY-000968,1,,,,1,0,0
LBY-000969,1,,,,1,0,1
LBY-000970,1,,,,1,1,1
LBY-000971,0,,,,1,1,1
LBY-000972,1,,,,1,1,1
LBY-000973,1,,,,1,1,1
LBY-000974,1,,,,0,1,1
LBY-000975,1,,,,1,1,1
LBY-000976,1,,,,1,1,1
LBY-000977,1,,,,1,1,1
LBY-000978,1,,,,0,1,1
LBY-000979,1,,,,1,1,1
LBY-000980,0,,,,1,1,1
LBY-000981,1,,,,1,1,1
LBY-000982,1,,,,1,1,1
LBY-000983,1,,,,0,1,1
LBY-000984,1,,,,1,1,1
LBY-000985,1,,,,1,1,1
LBY-000986,1,,,,1,1,1
LBY-000987,1,,,,1,1,1
LBY-000988,1,,,,1,1,1
LBY-000989,1,,,,1,1,1
LBY-000990,1,,,,1,1,1
LBY-000991,1,,,,1,1,1
LBY-000992,1,,,,1,1,1
LBY-000993,1,,,,1,1,1
LBY-000994,1,,,,1,1,1
LBY-000995,1,,,,1,1,1
LBY-000996,1,,,,1,0,1
LBY-000997,1,,,,1,1,1
LBY-000998,1,,,,1,1,1
LBY-000999,1,,,,1,1,1
LBY-001000,1,,,,1,1,1
LBY-001001,1,,,,1,1,1
LBY-001002,1,,,,1,1,1
LBY-001003,0,,,,1,1,1
LBY-001004,1,,,,1,1,1
LBY-001005,1,,,,1,1,1
LBY-001006,1,,,,1,1,1
LBY-001007,1,,,,1,1,1
LBY-001008,1,,,,1,1,1
LBY-001009,1,,,,1,1,1
LBY-001010,1,,,,1,1,1
LBY-001011,1,,,,1,1,1
LBY-001012,1,,,,1,1,1
LBY-001013,1,,,,1,1,1
LBY-001014,1,,,,1,1,1
LBY-001015,1,,,,1,1,1
LBY-001016,1,,,,1,1,1
LBY-001017,1,,,,1,1,1
LBY-001018,1,,,,1,1,1
LBY-001019,0,,,,1,1,1
LBY-001020,1,,,,1,1,1
LBY-001021,1,,,,1,1,1
LBY-001022,1,,,,1,1,1
LBY-001023,1,,,,1,1,1
LBY-001024,0,,,,0,0,0
LBY-001025,1,,,,1,1,1
LBY-001026,1,,,,1,1,1
LBY-001027,1,,,,1,1,1
LBY-001028,1,,,,1,1,1
LBY-001029,1,,,,1,1,1
LBY-001030,1,,,,1,1,1
LBY-001031,1,,,,1,1,1
LBY-001032,1,,,,1,1,1
LBY-001033,1,,,,1,1,1
LBY-001034,1,,,,1,1,1
LBY-001035,1,,,,1,1,1
LBY-001036,1,,,,1,1,1
LBY-001037,1,,,,1,1,1
LBY-001038,1,,,,1,1,1
LBY-001039,1,,,,1,1,1
LBY-001040,0,,,,1,1,1
LBY-001041,1,,,,1,1,1
LBY-001042,1,,,,1,1,1
LBY-001043,1,,,,1,1,1
LBY-001044,1,,,,0,1,1
LBY-001045,1,,,,1,1,1
LBY-001046,1,,,,1,1,1
LBY-001047,1,,,,0,1,1
LBY-001048,1,,,,1,1,1
LBY-001049,1,,,,1,1,1
LBY-001050,1,,,,1,1,1
LBY-001051,1,,,,1,1,1
LBY-001052,1,,,,1,1,1
LBY-001053,1,,,,1,1,1
LBY-001054,1,,,,1,0,1
LBY-001055,1,,,,1,1,1
LBY-001056,1,,,,1,1,1
LBY-001057,1,,,,1,1,1
LBY-001058,1,,,,1,1,1
LBY-001059,1,,,,1,1,1
LBY-001060,1,,,,1,0,0
LBY-001061,1,,,,1,1,1
LBY-001062,1,,,,1,1,1
LBY-001063,1,,,,1,1,1
LBY-001064,1,,,,1,1,1
LBY-001065,1,,,,1,1,1
LBY-001066,1,,,,1,1,1
LBY-001067,1,,,,1,1,1
LBY-001068,1,,,,1,1,1
LBY-001069,1,,,,1,1,1
LBY-001070,1,,,,1,1,1
LBY-001071,1,,,,1,0,0
LBY-001072,1,,,,1,1,1
LBY-001073,1,,,,1,1,1
LBY-001074,1,,,,1,1,1
LBY-001075,1,,,,1,1,1
LBY-001076,1,,,,1,1,1
LBY-001077,1,,,,1,1,1
LBY-001078,1,,,,1,1,1
LBY-001079,1,,,,1,1,1
LBY-001080,1,,,,0,1,1
LBY-001081,1,,,,1,1,1
LBY-001082,1,,,,1,1,1
LBY-001083,1,,,,1,1,1
LBY-001084,1,,,,1,1,1
LBY-001085,1,,,,1,1,1
LBY-001086,1,,,,1,0,1
LBY-001087,1,,,,1,1,1
LBY-001088,1,,,,1,1,1
LBY-001089,1,,,,1,1,1
LBY-001090,1,,,,1,1,1
LBY-001091,1,,,,1,1,1
LBY-001092,1,,,,1,1,1
LBY-001093,1,,,,1,1,1
LBY-001094,1,,,,1,1,1
LBY-001095,1,,,,1,0,1
LBY-001096,1,,,,1,1,1
LBY-001097,1,,,,1,1,1
LBY-001098,1,,,,1,1,1
LBY-001099,1,,,,1,1,1
LBY-001100,1,,,,1,1,1
LBY-001101,1,,,,1,1,1
LBY-001102,1,,,,1,1,1
LBY-001103,1,,,,1,1,1
LBY-001104,1,,,,1,1,1
LBY-001105,1,,,,1,1,1
LBY-001106,1,,,,1,1,1
LBY-001107,1,,,,0,0,0
LBY-001108,1,,,,1,1,1
LBY-001109,0,,,,0,0,0
LBY-001110,1,,,,0,1,1
LBY-001111,0,,,,1,1,1
LBY-001112,1,,,,1,0,0
LBY-001113,1,,,,1,1,1
LBY-001114,1,,,,1,1,1
LBY-001115,1,,,,1,1,1
LBY-001116,0,,,,0,1,1
LBY-001117,1,,,,1,1,0
LBY-001118,1,,,,1,1,1
LBY-001119,1,,,,1,1,1
LBY-001120,0,,,,0,0,0
LBY-001121,1,,,,0,0,0
LBY-001122,1,,,,1,1,1
LBY-001123,1,,,,0,0,0
LBY-001124,1,,,,0,1,1
LBY-001125,1,,,,1,1,1
LBY-001126,1,,,,1,1,1
LBY-001127,1,,,,1,1,1
LBY-001128,0,,,,1,1,1
LBY-001129,1,,,,1,1,1
LBY-001130,1,,,,1,1,1
LBY-001131,1,,,,1,1,1
LBY-001132,1,,,,1,1,1
LBY-001133,1,,,,1,1,1
LBY-001134,0,,,,1,1,1
LBY-001135,0,,,,1,1,1
LBY-001136,1,,,,1,1,1
LBY-001137,1,,,,1,1,1
LBY-001138,1,,,,1,1,1
LBY-001139,1,,,,1,1,1
LBY-001140,1,,,,1,1,1
LBY-001141,0,,,,1,1,1
LBY-001142,1,,,,1,1,1
LBY-001143,1,,,,1,1,1
LBY-001144,1,,,,1,1,1
LBY-001145,1,,,,1,1,1
LBY-001146,1,,,,1,1,1
LBY-001147,1,,,,1,1,1
LBY-001148,1,,,,1,1,1
LBY-001149,1,,,,1,1,1
LBY-001150,1,,,,1,1,1
LBY-001151,1,,,,1,1,1
LBY-001152,1,,,,1,1,1
LBY-001153,1,,,,1,1,1
LBY-001154,1,,,,1,1,1
LBY-001155,1,,,,1,1,1
LBY-001156,1,,,,1,1,1
LBY-001157,1,,,,1,1,1
LBY-001158,1,,,,1,1,1
LBY-001159,1,,,,1,1,1
LBY-001160,1,,,,1,1,1
LBY-001161,1,,,,1,1,1
LBY-001162,1,,,,1,1,1
LBY-001163,1,,,,1,1,1
LBY-001164,1,,,,1,1,1
LBY-001165,1,,,,1,1,1
LBY-001166,1,,,,1,1,1
LBY-001167,1,,,,1,0,1
LBY-001168,1,,,,1,1,1
LBY-001169,1,,,,1,1,1
LBY-001170,1,,,,1,1,1
LBY-001171,1,,,,1,1,1
LBY-001172,1,,,,1,1,1
LBY-001173,1,,,,1,1,1
LBY-001174,1,,,,1,0,1
LBY-001175,0,,,,1,1,1
LBY-001176,1,,,,1,1,1
LBY-001177,1,,,,1,1,1
LBY-001178,1,,,,1,1,1
LBY-001179,0,,,,0,0,0
LBY-001180,1,,,,1,1,1
LBY-001181,1,,,,1,1,1
LBY-001182,1,,,,1,1,1
LBY-001183,1,,,,1,1,1
LBY-001184,1,,,,1,1,1
LBY-001185,1,,,,1,1,1
LBY-001186,1,,,,1,1,1
LBY-001187,1,,,,1,1,1
LBY-001188,1,,,,1,1,1
LBY-001189,1,,,,1,1,1
LBY-001190,1,,,,1,1,1
LBY-001191,1,,,,1,1,1
LBY-001192,1,,,,1,1,1
LBY-001193,1,,,,1,1,0
LBY-001194,1,,,,1,1,1
LBY-001195,1,,,,1,1,1
LBY-001196,1,,,,1,1,1
LBY-001197,1,,,,1,1,1
LBY-001198,1,,,,0,1,1
LBY-001199,1,,,,1,1,1
LBY-001200,0,,,,0,0,0
LBY-001201,1,,,,1,1,1
LBY-001202,1,,,,1,1,1
LBY-001203,1,,,,0,0,1
LBY-001204,1,,,,1,1,1
LBY-001205,1,,,,1,1,1
LBY-001206,1,,,,1,0,1
LBY-001207,1,,,,1,1,1
LBY-001208,1,,,,1,1,1
LBY-001209,1,,,,1,1,1
LBY-001210,1,,,,1,1,1
LBY-001211,1,,,,1,1,1
LBY-001212,1,,,,1,1,1
LBY-001213,1,,,,1,1,1
LBY-001214,1,,,,0,1,1
LBY-001215,1,,,,1,1,1
LBY-001216,1,,,,1,1,1
LBY-001217,1,,,,1,1,1
LBY-001218,1,,,,1,1,1
LBY-001219,1,,,,0,1,1
LBY-001220,1,,,,1,1,1
LBY-001221,1,,,,1,1,1
LBY-001222,1,,,,1,1,1
LBY-001223,0,,,,0,0,0
LBY-001224,1,,,,1,1,1
LBY-001225,1,,,,1,1,1
LBY-001226,1,,,,1,1,1
LBY-001227,1,,,,1,1,1
LBY-001228,1,,,,1,1,1
LBY-001229,0,,,,0,0,0
LBY-001230,1,,,,1,1,1
LBY-001231,1,,,,1,1,1
LBY-001232,1,,,,1,1,1
LBY-001233,1,,,,1,1,1
LBY-001234,1,,,,0,1,1
LBY-001235,1,,,,1,1,1
LBY-001236,1,,,,1,1,1
LBY-001237,0,,,,0,0,0
LBY-001238,0,,,,0,0,1
LBY-001239,1,,,,1,1,1
LBY-001240,1,,,,1,1,1
LBY-001241,1,,,,1,1,1
LBY-001242,1,,,,1,1,1
LBY-001243,1,,,,1,1,1
LBY-001244,1,,,,1,1,1
LBY-001245,1,,,,1,1,1
LBY-001246,1,,,,1,1,1
LBY-001247,1,,,,1,1,1
LBY-001248,1,,,,1,1,1
LBY-001249,1,,,,0,0,1
LBY-001250,1,,,,1,1,1
LBY-001251,1,,,,1,1,1
LBY-001252,1,,,,1,1,1
LBY-001253,1,,,,1,1,1
LBY-001254,1,,,,1,1,1
LBY-001255,1,,,,1,1,1
LBY-001256,1,,,,1,1,1
LBY-001257,1,,,,1,1,1
LBY-001258,1,,,,1,1,1
LBY-001259,1,,,,1,1,1
LBY-001260,1,,,,1,1,1
LBY-001261,0,,,,0,0,0
LBY-001262,0,,,,0,0,0
LBY-001263,1,,,,1,1,1
LBY-001264,1,,,,1,1,1
LBY-001265,1,,,,1,1,1
LBY-001266,1,,,,1,1,1
LBY-001267,1,,,,0,1,1
LBY-001268,1,,,,0,0,0
LBY-001269,0,,,,0,0,0
LBY-001270,1,,,,1,1,1
LBY-001271,0,,,,1,1,1
LBY-001272,1,,,,1,1,1
LBY-001274,1,,,,1,1,1
LBY-001275,1,,,,1,1,1
LBY-001276,1,,,,1,1,1
LBY-001277,1,,,,1,1,1
LBY-001278,0,,,,1,1,1
LBY-001279,1,,,,1,1,1
LBY-001280,1,,,,1,1,1
LBY-001281,0,,,,0,0,0
LBY-001282,1,,,,1,1,1
LBY-001283,1,,,,1,1,1
LBY-001284,0,,,,1,1,1
LBY-001285,1,,,,1,1,1
LBY-001286,0,,,,0,0,0
LBY-001287,1,,,,1,1,1
LBY-001288,1,,,,1,1,1
LBY-001289,1,,,,1,1,1
LBY-001290,1,,,,0,1,1
LBY-001291,1,,,,1,1,1
LBY-001292,1,,,,1,1,1
LBY-001293,1,,,,1,1,1
LBY-001294,1,,,,1,1,1
LBY-001295,1,,,,1,1,1
LBY-001296,1,,,,1,1,1
LBY-001297,1,,,,1,1,1
LBY-001298,1,,,,1,1,1
LBY-001299,0,,,,0,0,0
LBY-001300,1,,,,1,1,1
LBY-001301,1,,,,0,0,0
LBY-001302,1,,,,1,1,1
LBY-001303,0,,,,1,1,1
LBY-001304,0,,,,0,0,0
LBY-001305,1,,,,1,1,1
LBY-001306,1,,,,1,0,0
LBY-001307,1,,,,1,1,1
LBY-001308,1,,,,1,1,1
LBY-001309,1,,,,1,1,1
LBY-001310,1,,,,1,1,1
LBY-001311,1,,,,1,1,1
LBY-001312,0,,,,0,0,0
LBY-001313,1,,,,1,1,1
LBY-001314,1,,,,1,1,1
LBY-001315,1,,,,1,1,1
LBY-001316,1,,,,1,1,1
LBY-001317,0,,,,1,1,1
LBY-001318,1,,,,1,1,1
LBY-001319,1,,,,1,1,1
LBY-001320,1,,,,1,1,1
LBY-001321,1,,,,1,1,1
LBY-001322,1,,,,1,1,1
LBY-001323,1,,,,1,1,1
LBY-001324,0,,,,1,1,1
LBY-001325,0,,,,0,0,0
LBY-001326,1,,,,1,1,1
LBY-001327,1,,,,1,1,1
LBY-001328,1,,,,1,1,1
LBY-001329,1,,,,1,1,1
LBY-001330,0,,,,1,1,1
LBY-001331,1,,,,1,1,1
LBY-001332,1,,,,1,1,1
LBY-001333,1,,,,1,1,1
LBY-001334,1,,,,1,1,1
LBY-001335,1,,,,0,1,1
LBY-001336,1,,,,1,1,1
LBY-001337,1,,,,1,1,1
LBY-001338,1,,,,0,1,1
LBY-001339,1,,,,1,1,1
LBY-001340,0,,,,1,0,0
LBY-001341,1,,,,1,1,0
LBY-001342,1,,,,1,1,1
LBY-001343,1,,,,1,1,1
LBY-001344,1,,,,1,1,1
LBY-001345,1,,,,1,1,1
LBY-001346,1,,,,1,1,1
LBY-001347,1,,,,1,1,1
LBY-001348,1,,,,1,1,1
LBY-001349,1,,,,1,1,1
LBY-001350,1,,,,1,1,1
LBY-001351,1,,,,1,1,1
LBY-001352,1,,,,1,1,1
LBY-001353,1,,,,1,1,1
LBY-001354,0,,,,1,1,1
LBY-001355,1,,,,1,1,1
LBY-001356,1,,,,1,1,1
LBY-001357,1,,,,1,1,1
LBY-001358,1,,,,1,1,1
LBY-001359,1,,,,1,1,1
LBY-001360,1,,,,1,1,1
LBY-001361,1,,,,1,1,1
LBY-001362,1,,,,1,1,1
LBY-001363,1,,,,1,1,1
LBY-001364,1,,,,1,1,1
LBY-001365,1,,,,1,1,1
LBY-001366,1,,,,1,1,1
LBY-001367,1,,,,1,1,1
LBY-001368,1,,,,1,1,1
LBY-001369,1,,,,1,1,1
LBY-001370,1,,,,1,1,1
LBY-001371,1,,,,0,1,1
LBY-001372,0,,,,1,0,0
LBY-001373,1,,,,1,1,1
LBY-001374,1,,,,1,1,1
LBY-001375,1,,,,1,1,1
LBY-001376,1,,,,1,1,1
LBY-001377,1,,,,0,1,1
LBY-001378,1,,,,1,1,1
LBY-001379,1,,,,1,1,1
LBY-001380,1,,,,1,1,1
LBY-001381,1,,,,1,1,1
LBY-001382,1,,,,1,1,1
LBY-001383,1,,,,1,1,1
LBY-001384,1,,,,1,1,1
LBY-001385,1,,,,1,1,1
LBY-001386,1,,,,1,1,1
LBY-001387,1,,,,0,1,0
LBY-001388,1,,,,1,1,1
LBY-001389,1,,,,1,1,1
LBY-001390,1,,,,1,1,1
LBY-001391,1,,,,1,1,1
LBY-001392,1,,,,1,1,1
LBY-001393,1,,,,1,1,1
LBY-001394,1,,,,0,1,1
LBY-001395,1,,,,1,1,1
LBY-001396,1,,,,1,1,1
LBY-001397,1,,,,1,1,1
LBY-001398,1,,,,1,1,1
LBY-001399,1,,,,1,1,1
LBY-001400,1,,,,1,1,1
LBY-001401,1,,,,1,1,1
LBY-001402,1,,,,1,1,1
LBY-001403,1,,,,1,1,1
LBY-001404,1,,,,1,1,1
LBY-001405,1,,,,1,1,1
LBY-001407,1,,,,1,0,0
LBY-001408,1,,,,1,1,1
LBY-001409,1,,,,0,1,1
LBY-001410,1,,,,1,1,1
LBY-001411,1,,,,1,1,1
LBY-001412,1,,,,1,1,1
LBY-001413,1,,,,1,1,1
LBY-001414,1,,,,1,1,1
LBY-001415,1,,,,1,1,1
LBY-001416,1,,,,1,1,1
LBY-001417,1,,,,1,1,1
LBY-001418,1,,,,1,1,1
LBY-001419,0,,,,1,1,1
LBY-001420,1,,,,1,1,1
LBY-001421,1,,,,1,1,1
LBY-001422,1,,,,1,1,1
LBY-001423,1,,,,1,1,1
LBY-001424,1,,,,1,1,1
LBY-001425,1,,,,1,1,0
LBY-001426,1,,,,1,1,1
LBY-001427,1,,,,1,1,1
LBY-001428,1,,,,1,1,1
LBY-001429,1,,,,1,1,1
LBY-001430,1,,,,1,1,1
LBY-001431,1,,,,1,1,1
LBY-001432,1,,,,1,1,1
LBY-001433,1,,,,1,0,0
LBY-001434,1,,,,1,1,1
LBY-001435,1,,,,1,1,1
LBY-001436,1,,,,1,1,1
LBY-001437,1,,,,1,1,1
LBY-001438,1,,,,1,1,1
LBY-001439,1,,,,1,1,1
LBY-001440,1,,,,1,1,1
LBY-001441,1,,,,0,1,1
LBY-001442,1,,,,1,1,1
LBY-001443,1,,,,0,1,1
LBY-001444,1,,,,1,1,1
LBY-001445,1,,,,1,0,1
LBY-001446,1,,,,1,1,1
LBY-001447,1,,,,1,1,1
LBY-001448,1,,,,1,1,1
LBY-001449,1,,,,1,1,1
LBY-001450,1,,,,1,1,1
LBY-001451,1,,,,1,1,1
LBY-001452,1,,,,1,1,1
LBY-001453,1,,,,1,1,1
LBY-001454,1,,,,1,1,1
LBY-001455,1,,,,1,1,1
LBY-001456,1,,,,1,1,1
LBY-001457,1,,,,1,1,1
LBY-001458,1,,,,1,1,1
LBY-001459,1,,,,1,1,1
LBY-001460,1,,,,1,0,0
LBY-001461,1,,,,1,1,1
LBY-001462,1,,,,1,1,1
LBY-001463,1,,,,1,1,1
LBY-001464,1,,,,1,1,1
LBY-001465,1,,,,1,1,1
LBY-001466,1,,,,1,1,1
LBY-001467,1,,,,1,1,1
LBY-001468,1,,,,1,1,1
LBY-001469,1,,,,1,0,1
LBY-001470,1,,,,1,1,1
LBY-001471,1,,,,1,1,1
LBY-001472,1,,,,1,1,1
LBY-001473,1,,,,1,1,1
LBY-001474,1,,,,1,1,1
LBY-001475,1,,,,1,1,1
LBY-001476,1,,,,1,1,1
LBY-001477,1,,,,1,1,1
LBY-001478,1,,,,1,1,1
LBY-001479,1,,,,1,1,1
LBY-001480,1,,,,1,1,1
LBY-001481,1,,,,1,1,1
LBY-001482,0,,,,1,1,1
LBY-001483,1,,,,1,1,1
LBY-001484,1,,,,1,1,1
LBY-001485,1,,,,1,1,1
LBY-001486,1,,,,1,1,1
LBY-001487,1,,,,1,1,1
LBY-001488,1,,,,1,1,1
LBY-001489,1,,,,1,1,1
LBY-001490,1,,,,1,1,1
LBY-001491,1,,,,1,1,1
LBY-001492,1,,,,1,1,1
LBY-001493,1,,,,1,1,1
LBY-001494,1,,,,1,1,1
LBY-001495,1,,,,1,1,1
LBY-001496,1,,,,1,1,1
LBY-001497,1,,,,1,1,1
LBY-001498,1,,,,1,1,1
LBY-001499,1,,,,1,1,1
LBY-001500,1,,,,1,1,1
LBY-001501,1,,,,1,1,1
LBY-001502,1,,,,1,1,1
LBY-001503,1,,,,1,1,1
LBY-001504,1,,,,1,1,1
LBY-001505,1,,,,1,0,1
LBY-001506,1,,,,1,1,1
LBY-001507,1,,,,1,1,1
LBY-001508,1,,,,1,0,1
LBY-001509,1,,,,1,1,1
LBY-001510,0,,,,0,1,1
LBY-001511,1,,,,1,1,1
LBY-001512,1,,,,1,1,1
LBY-001513,1,,,,1,1,1
LBY-001514,1,,,,1,1,1
LBY-001515,1,,,,1,0,1
LBY-001516,1,,,,1,1,1
LBY-001517,1,,,,1,1,1
LBY-001518,1,,,,1,1,1
LBY-001519,1,,,,1,1,1
LBY-001520,1,,,,1,1,1
LBY-001521,1,,,,1,1,1
LBY-001522,1,,,,1,1,1
LBY-001523,1,,,,1,1,1
LBY-001524,0,,,,0,0,0
LBY-001525,1,,,,1,0,1
LBY-001526,1,,,,1,1,1
LBY-001527,1,,,,1,1,1
LBY-001528,1,,,,1,1,1
LBY-001529,1,,,,1,0,0
LBY-001530,1,,,,1,1,1
LBY-001531,1,,,,1,1,1
LBY-001532,1,,,,1,1,1
LBY-001533,1,,,,1,1,1
LBY-001534,1,,,,0,1,1
LBY-001535,1,,,,0,1,1
LBY-001536,1,,,,1,1,1
LBY-001537,1,,,,1,1,1
LBY-001538,1,,,,1,0,1
LBY-001539,1,,,,1,0,1
LBY-001540,1,,,,1,1,1
LBY-001541,0,,,,1,1,1
LBY-001542,0,,,,0,1,0
LBY-001543,0,,,,0,0,0
LBY-001544,1,,,,1,1,1
LBY-001545,1,,,,1,1,1
LBY-001546,1,,,,1,1,1
LBY-001547,1,,,,1,1,1
LBY-001548,1,,,,1,1,1
LBY-001549,1,,,,1,1,1
LBY-001550,1,,,,1,1,1
LBY-001551,0,,,,1,1,1
LBY-001552,1,,,,1,1,1
LBY-001553,1,,,,1,1,1
LBY-001554,1,,,,1,1,1
LBY-001555,1,,,,1,0,1
LBY-001556,1,,,,1,1,1
LBY-001557,1,,,,1,1,1
LBY-001558,1,,,,1,1,1
LBY-001559,1,,,,1,1,1
LBY-001560,0,,,,0,0,0
LBY-001561,1,,,,1,0,0
LBY-001562,1,,,,1,1,1
LBY-001563,1,,,,1,1,1
LBY-001564,1,,,,1,1,1
LBY-001565,1,,,,1,1,1
LBY-001566,1,,,,1,0,0
LBY-001567,0,,,,0,0,0
LBY-001568,1,,,,1,1,1
LBY-001569,0,,,,0,1,1
LBY-001570,1,,,,1,1,1
LBY-001571,1,,,,1,1,1
LBY-001572,1,,,,1,1,1
LBY-001573,1,,,,1,1,1
LBY-001574,1,,,,1,1,1
LBY-001575,1,,,,1,1,1
LBY-001576,1,,,,1,1,1
LBY-001577,0,,,,0,0,0
LBY-001578,1,,,,1,0,1
LBY-001579,1,,,,1,1,1
LBY-001580,1,,,,1,1,1
LBY-001581,1,,,,1,1,1
LBY-001582,1,,,,1,1,1
LBY-001583,1,,,,0,1,1
LBY-001584,1,,,,1,0,1
LBY-001585,1,,,,1,1,1
LBY-001586,1,,,,1,1,1
LBY-001587,1,,,,1,1,1
LBY-001588,1,,,,0,0,1
LBY-001589,1,,,,1,1,1
LBY-001590,1,,,,1,1,1
LBY-001591,1,,,,1,1,1
LBY-001592,1,,,,1,1,1
LBY-001593,1,,,,1,1,1
LBY-001594,1,,,,0,1,1
LBY-001595,1,,,,0,0,0
LBY-001596,1,,,,1,1,1
LBY-001597,1,,,,1,1,1
LBY-001598,1,,,,1,1,1
LBY-001599,1,,,,1,1,1
LBY-001600,1,,,,1,1,1
LBY-001601,1,,,,1,1,1
LBY-001602,1,,,,1,1,1
LBY-001603,1,,,,1,1,1
LBY-001604,1,,,,1,1,1
LBY-001605,1,,,,1,1,1
LBY-001606,1,,,,1,1,1
LBY-001607,1,,,,1,1,1
LBY-001608,1,,,,1,1,1
LBY-001609,1,,,,1,1,1
LBY-001610,1,,,,1,1,1
LBY-001611,1,,,,1,1,1
LBY-001612,1,,,,1,1,1
LBY-001613,1,,,,0,0,0
LBY-001614,1,,,,1,1,1
LBY-001615,1,,,,0,0,0
LBY-001616,1,,,,1,1,1
LBY-001617,1,,,,1,1,1
LBY-001618,1,,,,0,1,1
LBY-001619,1,,,,1,1,1
LBY-001620,1,,,,1,1,1
LBY-001621,1,,,,1,1,1
LBY-001622,1,,,,1,1,1
LBY-001623,1,,,,1,1,1
LBY-001624,1,,,,1,1,1
LBY-001625,1,,,,1,1,1
LBY-001626,1,,,,1,1,1
LBY-001627,1,,,,1,1,1
LBY-001628,1,,,,1,1,1
LBY-001629,1,,,,1,1,1
LBY-001630,1,,,,1,1,1
LBY-001631,1,,,,1,1,1
LBY-001632,1,,,,1,1,1
LBY-001633,1,,,,1,1,1
LBY-001634,1,,,,1,1,1
LBY-001635,1,,,,1,0,1
LBY-001636,1,,,,1,1,1
LBY-001637,1,,,,1,1,1
LBY-001638,1,,,,1,1,1
LBY-001639,1,,,,1,1,1
LBY-001641,1,,,,1,1,1
LBY-001643,1,,,,1,1,1
LBY-001644,0,,,,0,0,0
LBY-001647,1,,,,1,1,1
LBY-001649,1,,,,1,1,1
LBY-001650,1,,,,1,1,1
LBY-001651,1,,,,1,1,1
LBY-001652,1,,,,0,1,1
LBY-001653,1,,,,1,1,1
LBY-001654,1,,,,1,1,1
LBY-001655,1,,,,1,1,1
LBY-001656,1,,,,1,1,1
LBY-001657,1,,,,1,1,1
LBY-001658,0,,,,0,0,0
LBY-001659,1,,,,1,1,1
LBY-001660,0,,,,0,0,0
LBY-001661,0,,,,1,0,0
LBY-001662,1,,,,1,1,1
LBY-001663,1,,,,0,0,0
LBY-001664,1,,,,1,0,1
LBY-001665,0,,,,0,0,0
LBY-001666,1,,,,1,1,1
LBY-001667,1,,,,1,1,1
LBY-001668,1,,,,1,1,1
LBY-001669,1,,,,1,1,1
LBY-001670,1,,,,1,1,1
LBY-001671,1,,,,1,1,1
LBY-001672,1,,,,1,1,1
LBY-001673,1,,,,1,1,1
LBY-001674,1,,,,1,1,1
LBY-001675,0,,,,0,0,0
LBY-001676,1,,,,1,1,1
LBY-001677,1,,,,1,1,1
LBY-001678,1,,,,1,1,1
LBY-001679,1,,,,1,1,1
LBY-001680,1,,,,1,1,1
LBY-001681,1,,,,1,1,1
LBY-001682,1,,,,1,1,1
LBY-001683,1,,,,1,1,1
LBY-001684,1,,,,1,1,1
LBY-001685,1,,,,1,1,1
LBY-001686,1,,,,1,1,1
LBY-001687,1,,,,1,1,1
LBY-001688,1,,,,1,1,1
LBY-001689,1,,,,1,1,1
LBY-001690,1,,,,1,1,1
LBY-001691,1,,,,1,1,1
LBY-001692,1,,,,1,1,1
LBY-001693,1,,,,0,1,1
LBY-001694,1,,,,0,0,0
LBY-001695,1,,,,1,1,1
LBY-001696,0,,,,1,0,0
LBY-001697,0,,,,0,0,0
LBY-001698,1,,,,1,1,1
LBY-001699,1,,,,1,1,1
LBY-001700,0,,,,0,0,0
LBY-001701,1,,,,1,1,1
LBY-001702,1,,,,1,0,0
LBY-001703,1,,,,1,1,1
LBY-001704,1,,,,1,1,1
LBY-001705,1,,,,1,1,1
LBY-001706,1,,,,1,1,1
LBY-001707,1,,,,1,1,1
LBY-001708,1,,,,1,1,1
LBY-001709,0,,,,0,0,0
LBY-001710,1,,,,1,1,1
LBY-001711,1,,,,1,0,1
LBY-001712,0,,,,0,0,0
LBY-001713,1,,,,1,0,1
LBY-001714,1,,,,1,1,1
LBY-001715,1,,,,1,0,0
LBY-001716,1,,,,1,1,1
LBY-001717,1,,,,1,1,1
LBY-001718,1,,,,1,1,1
LBY-001719,1,,,,1,1,1
LBY-001720,1,,,,1,1,1
LBY-001721,1,,,,1,1,1
LBY-001722,1,,,,0,1,1
LBY-001723,1,,,,1,1,1
LBY-001724,1,,,,1,1,1
LBY-001725,1,,,,1,1,1
LBY-001726,1,,,,0,1,1
LBY-001727,1,,,,1,1,1
LBY-001728,1,,,,1,1,1
LBY-001729,1,,,,1,0,1
LBY-001730,1,,,,1,1,1
LBY-001731,1,,,,1,1,1
LBY-001732,1,,,,0,0,1
LBY-001733,1,,,,1,1,1
LBY-001734,1,,,,1,1,1
LBY-001735,1,,,,1,1,1
LBY-001736,1,,,,1,0,1
LBY-001737,1,,,,1,1,1
LBY-001738,1,,,,1,1,1
LBY-001739,1,,,,1,1,1
LBY-001740,1,,,,1,0,1
LBY-001741,1,,,,1,1,1
LBY-001742,1,,,,1,1,1
LBY-001743,1,,,,1,1,1
LBY-001744,1,,,,1,0,1
LBY-001745,1,,,,1,1,1
LBY-001746,1,,,,1,0,1
LBY-001747,1,,,,1,0,1
LBY-001748,1,,,,1,1,1
LBY-001749,1,,,,1,0,1
LBY-001750,1,,,,0,0,1
LBY-001751,1,,,,1,1,1
LBY-001752,1,,,,1,1,1
LBY-001753,1,,,,1,1,1
LBY-001754,1,,,,1,1,1
LBY-001755,1,,,,1,1,1
LBY-001756,1,,,,1,1,1
LBY-001757,1,,,,1,1,1
LBY-001758,0,,,,0,1,1
LBY-001759,1,,,,1,1,1
LBY-001760,1,,,,1,1,1
LBY-001761,1,,,,1,1,1
LBY-001762,0,,,,1,0,0
LBY-001763,0,,,,0,0,0
LBY-001764,1,,,,1,1,1
LBY-001765,0,,,,0,0,0
LBY-001766,1,,,,1,1,1
LBY-001767,1,,,,1,1,1
LBY-001768,1,,,,1,1,1
LBY-001769,1,,,,1,1,1
LBY-001770,1,,,,1,1,1
LBY-001771,1,,,,1,0,1
LBY-001772,1,,,,1,1,1
LBY-001773,1,,,,1,1,1
LBY-001774,1,,,,1,0,0
LBY-001775,1,,,,1,1,1
LBY-001776,1,,,,1,1,1
LBY-001777,1,,,,1,1,1
LBY-001778,1,,,,1,1,1
LBY-001779,1,,,,1,0,0
LBY-001780,1,,,,1,1,1
LBY-001781,1,,,,1,0,0
LBY-001782,1,,,,1,1,1
LBY-001783,1,,,,0,1,1
LBY-001784,1,,,,0,1,1
LBY-001785,1,,,,1,1,1
LBY-001786,1,,,,1,0,1
LBY-001787,1,,,,1,0,0
LBY-001788,0,,,,0,0,0
LBY-001789,1,,,,0,1,1
LBY-001790,1,,,,1,1,1
LBY-001791,1,,,,1,1,1
LBY-001792,1,,,,1,1,1
LBY-001793,1,,,,1,1,1
LBY-001794,0,,,,1,1,1
LBY-001795,1,,,,0,0,0
LBY-001796,1,,,,1,1,1
LBY-001797,1,,,,1,0,0
LBY-001798,1,,,,1,1,1
LBY-001799,1,,,,1,1,1
LBY-001800,1,,,,1,1,1
LBY-001801,1,,,,0,1,1
LBY-001802,1,,,,1,1,1
LBY-001803,1,,,,1,1,1
LBY-001804,1,,,,0,1,1
LBY-001805,1,,,,1,1,1
LBY-001806,1,,,,1,1,1
LBY-001807,1,,,,1,1,1
LBY-001808,1,,,,1,1,1
LBY-001809,1,,,,1,1,1
LBY-001810,1,,,,1,1,1
LBY-001811,0,,,,0,0,0
LBY-001812,1,,,,1,1,1
LBY-001813,1,,,,1,1,1
LBY-001814,1,,,,1,1,1
LBY-001815,1,,,,1,1,1
LBY-001816,1,,,,1,1,1
LBY-001817,1,,,,0,1,1
LBY-001818,0,,,,0,0,0
LBY-001819,1,,,,1,1,1
LBY-001820,1,,,,1,1,1
LBY-001821,0,,,,1,1,1
LBY-001822,1,,,,1,1,1
LBY-001823,1,,,,1,1,1
LBY-001824,1,,,,1,1,1
LBY-001825,1,,,,1,1,1
LBY-001826,1,,,,1,1,1
LBY-001827,1,,,,1,1,1
LBY-001828,1,,,,0,0,0
LBY-001829,1,,,,1,1,1
LBY-001830,1,,,,1,1,1
LBY-001831,1,,,,1,1,1
LBY-001832,1,,,,1,1,1
LBY-001833,1,,,,1,1,1
LBY-001834,1,,,,1,1,1
LBY-001835,1,,,,1,1,1
LBY-001836,0,,,,0,0,0
LBY-001837,1,,,,1,0,0
LBY-001838,1,,,,1,1,1
LBY-001839,1,,,,1,1,1
LBY-001840,1,,,,1,1,1
LBY-001841,1,,,,1,1,1
LBY-001842,0,,,,0,0,0
LBY-001843,1,,,,1,1,1
LBY-001844,1,,,,1,1,1
LBY-001845,1,,,,1,1,1
LBY-001846,1,,,,1,1,1
LBY-001847,1,,,,1,1,1
LBY-001848,1,,,,1,1,1
LBY-001849,1,,,,1,1,1
LBY-001850,1,,,,1,1,1
LBY-001851,1,,,,1,1,1
LBY-001852,1,,,,1,1,1
LBY-001853,1,,,,1,1,1
LBY-001854,0,,,,0,0,0
LBY-001855,1,,,,1,1,1
LBY-001856,1,,,,1,1,1
LBY-001857,1,,,,1,1,1
LBY-001858,1,,,,1,0,0
LBY-001859,1,,,,1,1,1
LBY-001860,1,,,,1,1,1
LBY-001861,1,,,,1,1,1
LBY-001862,1,,,,1,1,1
LBY-001863,1,,,,1,0,0
LBY-001864,0,,,,0,0,0
LBY-001865,0,,,,0,0,0
LBY-001866,0,,,,1,0,0
LBY-001867,1,,,,1,0,1
LBY-001868,1,,,,0,1,1
LBY-001869,1,,,,1,0,0
LBY-001870,1,,,,1,1,1
LBY-001871,1,,,,1,0,0
LBY-001872,1,,,,1,1,1
LBY-001873,1,,,,1,1,1
LBY-001874,1,,,,1,1,1
LBY-001875,1,,,,1,1,1
LBY-001876,1,,,,1,0,1
LBY-001877,1,,,,1,1,1
LBY-001878,1,,,,1,0,1
LBY-001879,1,,,,1,1,1
LBY-001880,1,,,,1,1,1
LBY-001881,1,,,,1,0,1
LBY-001882,1,,,,1,0,0
LBY-001883,1,,,,1,1,1
LBY-001884,1,,,,1,1,1
LBY-001885,1,,,,1,0,0
LBY-001887,1,,,,1,0,1
LBY-001888,1,,,,1,0,1
LBY-001889,1,,,,1,1,1
LBY-001890,1,,,,1,1,1
LBY-001891,1,,,,1,1,1
LBY-001892,1,,,,1,1,1
LBY-001893,1,,,,1,1,1
LBY-001894,1,,,,1,1,1
LBY-001895,1,,,,1,0,1
LBY-001896,1,,,,1,1,1
LBY-001897,1,,,,1,1,1
LBY-001898,1,,,,1,1,1
LBY-001899,1,,,,0,1,1
LBY-001900,1,,,,1,1,1
LBY-001901,1,,,,1,1,1
LBY-001902,1,,,,1,1,1
LBY-001903,1,,,,1,0,1
LBY-001904,1,,,,1,1,1
LBY-001906,1,,,,1,1,1
LBY-001907,1,,,,1,0,0
LBY-001908,1,,,,1,1,1
LBY-001909,1,,,,1,1,1
LBY-001910,0,,,,0,1,1
LBY-001911,1,,,,1,1,1
LBY-001912,1,,,,1,1,1
LBY-001913,1,,,,1,1,1
LBY-001914,0,,,,0,1,1
LBY-001915,1,,,,1,1,1
LBY-001916,1,,,,1,0,1
LBY-001917,1,,,,1,1,1
LBY-001918,1,,,,1,1,1
LBY-001919,1,,,,1,1,1
LBY-001920,0,,,,0,0,0
LBY-001921,1,,,,1,1,1
LBY-001922,1,,,,1,1,1
LBY-001923,1,,,,1,1,1
LBY-001924,1,,,,1,1,1
LBY-001925,1,,,,1,1,1
LBY-001926,1,,,,1,1,1
LBY-001927,1,,,,1,1,1
LBY-001928,1,,,,1,1,1
LBY-001929,1,,,,1,1,1
LBY-001930,1,,,,1,1,1
LBY-001931,1,,,,0,1,1
LBY-001932,1,,,,1,1,1
LBY-001933,1,,,,0,1,1
LBY-001935,1,,,,0,1,1
LBY-001936,1,,,,1,1,1
LBY-001938,1,,,,1,1,1
LBY-001939,1,,,,1,0,0
LBY-001940,1,,,,1,1,1
LBY-001941,0,,,,1,0,0
LBY-001942,1,,,,1,1,1
LBY-001943,1,,,,0,0,0
LBY-001944,1,,,,1,0,0
LBY-001945,1,,,,1,0,0
LBY-001946,1,,,,1,1,1
LBY-001947,1,,,,1,0,0
LBY-001948,1,,,,1,1,1
LBY-001949,1,,,,1,1,1
LBY-001950,1,,,,1,1,1
LBY-001951,1,,,,1,1,1
LBY-001952,1,,,,1,0,0
LBY-001953,1,,,,1,0,0
LBY-001954,1,,,,1,0,1
LBY-001955,1,,,,0,0,0
LBY-001956,1,,,,1,1,1
LBY-001957,1,,,,1,0,0
LBY-001958,1,,,,1,0,0
LBY-001959,1,,,,1,1,1
LBY-001960,1,,,,1,1,1
LBY-001961,1,,,,1,0,0
LBY-001962,1,,,,1,0,0
LBY-001963,1,,,,1,1,1
LBY-001964,1,,,,1,1,1
LBY-001965,0,,,,1,0,0
LBY-001966,1,,,,1,0,0
LBY-001967,1,,,,1,1,1
LBY-001968,1,,,,1,1,1
LBY-001969,1,,,,1,1,1
LBY-001970,1,,,,1,0,0
LBY-001971,1,,,,1,0,0
LBY-001972,1,,,,1,1,1
LBY-001973,0,,,,1,0,0
LBY-001974,1,,,,1,0,0
LBY-001975,1,,,,1,1,1
LBY-001976,1,,,,1,1,1
LBY-001977,1,,,,1,0,0
LBY-001978,1,,,,1,0,0
LBY-001979,1,,,,1,0,0
LBY-001980,1,,,,1,0,0
LBY-001981,1,,,,1,1,1
LBY-001982,1,,,,1,0,0
LBY-001983,0,,,,0,0,0
LBY-001984,1,,,,1,0,0
LBY-001985,0,,,,0,0,0
LBY-001986,1,,,,1,1,1
LBY-001987,1,,,,1,1,1
LBY-001988,1,,,,1,0,0
LBY-001989,1,,,,1,1,1
LBY-001990,0,,,,0,0,0
LBY-001991,1,,,,0,0,0
LBY-001992,1,,,,1,1,1
LBY-001993,1,,,,1,1,1
LBY-001994,1,,,,1,1,1
LBY-001995,1,,,,0,1,1
LBY-001996,1,,,,1,1,1
LBY-001997,1,,,,1,1,1
LBY-001998,1,,,,1,1,1
LBY-001999,1,,,,1,1,1
LBY-002000,1,,,,1,1,1
LBY-002001,1,,,,1,1,1
LBY-002002,1,,,,1,1,1
LBY-002003,1,,,,1,1,1
LBY-002004,1,,,,1,1,1
LBY-002005,1,,,,1,1,1
LBY-002006,1,,,,1,1,1
LBY-002007,1,,,,1,1,1
LBY-002008,0,,,,1,1,1
LBY-002009,1,,,,1,1,1
LBY-002010,1,,,,1,1,1
LBY-002011,1,,,,1,1,1
LBY-002012,1,,,,1,1,1
LBY-002013,1,,,,1,1,1
LBY-002014,1,,,,1,1,1
LBY-002015,1,,,,1,0,1
LBY-002016,1,,,,1,1,1
LBY-002017,1,,,,1,1,1
LBY-002018,1,,,,1,1,1
LBY-002019,1,,,,1,0,1
LBY-002020,1,,,,1,1,1
LBY-002021,1,,,,1,1,1
LBY-002022,1,,,,1,1,1
LBY-002023,1,,,,1,1,1
LBY-002024,1,,,,1,0,1
LBY-002025,1,,,,1,1,1
LBY-002026,1,,,,1,1,1
LBY-002027,1,,,,1,1,1
LBY-002028,1,,,,1,1,1
LBY-002029,1,,,,1,1,1
LBY-002030,1,,,,1,1,1
LBY-002031,1,,,,1,1,1
LBY-002032,1,,,,1,1,1
LBY-002033,1,,,,1,1,1
LBY-002034,1,,,,1,1,1
LBY-002035,1,,,,1,1,1
LBY-002036,1,,,,1,0,1
LBY-002037,1,,,,1,0,1
LBY-002038,1,,,,1,1,1
LBY-002039,1,,,,1,1,1
LBY-002040,1,,,,1,1,1
LBY-002041,1,,,,0,1,1
LBY-002042,1,,,,1,1,1
LBY-002043,1,,,,1,1,1
LBY-002044,1,,,,1,1,1
LBY-002045,0,,,,0,1,1
LBY-002046,1,,,,1,1,1
LBY-002047,0,,,,0,0,0
LBY-002048,1,,,,1,1,1
LBY-002049,0,,,,0,0,0
LBY-002050,0,,,,0,0,0
LBY-002051,1,,,,0,0,0
LBY-002052,1,,,,1,1,1
LBY-002053,1,,,,1,1,1
LBY-002054,1,,,,0,1,1
LBY-002055,0,,,,1,0,1
LBY-002056,1,,,,1,1,1
LBY-002057,1,,,,1,1,1
LBY-002058,0,,,,0,0,0
LBY-002059,0,,,,0,0,0
LBY-002060,1,,,,1,1,1
LBY-002061,1,,,,0,0,0
LBY-002062,1,,,,0,1,1
LBY-002063,1,,,,1,1,1
LBY-002064,1,,,,0,1,1
LBY-002065,1,,,,0,1,1
LBY-002066,1,,,,1,0,1
LBY-002067,0,,,,0,0,0
LBY-002068,1,,,,0,0,0
LBY-002069,1,,,,1,1,1
LBY-002070,1,,,,1,0,1
LBY-002071,1,,,,1,1,1
LBY-002072,1,,,,1,0,1
LBY-002073,1,,,,1,1,1
LBY-002074,1,,,,1,1,1
LBY-002075,1,,,,1,1,1
LBY-002076,1,,,,1,1,1
LBY-002077,1,,,,1,1,1
LBY-002078,1,,,,0,0,0
LBY-002079,1,,,,1,1,1
LBY-002080,1,,,,1,1,1
LBY-002081,1,,,,1,0,1
LBY-002082,1,,,,1,1,1
LBY-002083,1,,,,0,0,0
LBY-002084,1,,,,1,1,1
LBY-002085,1,,,,1,1,1
LBY-002086,1,,,,1,1,1
LBY-002087,1,,,,1,1,1
LBY-002088,1,,,,0,1,1
LBY-002089,1,,,,1,1,1
LBY-002090,1,,,,1,1,1
LBY-002091,1,,,,1,1,1
LBY-002092,1,,,,1,1,1
LBY-002093,1,,,,0,1,1
LBY-002094,1,,,,1,1,1
LBY-002095,1,,,,1,1,1
LBY-002096,1,,,,1,1,1
LBY-002097,1,,,,1,1,1
LBY-002098,1,,,,0,0,0
LBY-002099,1,,,,1,1,1
LBY-002100,1,,,,0,0,0
LBY-002101,0,,,,1,1,1
LBY-002102,1,,,,1,0,0
LBY-002103,1,,,,1,1,1
LBY-002104,1,,,,0,1,1
LBY-002105,1,,,,1,1,1
LBY-002106,1,,,,1,1,1
LBY-002107,1,,,,1,1,1
LBY-002108,1,,,,1,1,1
LBY-002109,1,,,,1,1,1
LBY-002110,1,,,,1,1,1
LBY-002111,1,,,,1,1,1
LBY-002112,1,,,,0,0,0
LBY-002113,1,,,,0,0,0
LBY-002114,0,,,,0,0,1
LBY-002115,0,,,,1,0,0
LBY-002116,1,,,,1,1,1
LBY-002117,0,,,,0,0,0
LBY-002118,1,,,,1,0,1
LBY-002119,1,,,,1,1,1
LBY-002120,1,,,,0,1,1
LBY-002121,1,,,,1,1,1
LBY-002122,1,,,,1,1,1
LBY-002123,1,,,,1,1,1
LBY-002124,1,,,,0,1,1
LBY-002125,1,,,,1,1,1
LBY-002126,1,,,,0,0,0
LBY-002127,1,,,,0,1,1
LBY-002128,1,,,,1,1,1
LBY-002129,1,,,,1,1,1
LBY-002130,1,,,,1,1,1
LBY-002131,1,,,,1,1,1
LBY-002132,1,,,,1,0,0
LBY-002133,1,,,,1,1,1
LBY-002134,1,,,,1,1,1
LBY-002135,1,,,,0,0,0
LBY-002136,1,,,,0,0,0
LBY-002137,1,,,,1,1,1
LBY-002138,1,,,,1,1,1
LBY-002139,1,,,,1,1,1
LBY-002140,1,,,,1,1,1
LBY-002141,1,,,,1,1,1
LBY-002142,1,,,,1,1,1
LBY-002143,1,,,,0,1,1
LBY-002144,1,,,,1,0,0
LBY-002145,1,,,,0,1,1
LBY-002146,1,,,,0,1,1
LBY-002147,0,,,,1,1,1
LBY-002148,1,,,,1,1,1
LBY-002149,1,,,,0,1,1
LBY-002150,1,,,,1,1,1
LBY-002151,1,,,,1,0,0
LBY-002152,1,,,,1,1,1
LBY-002153,1,,,,1,1,1
LBY-002154,1,,,,1,1,1
LBY-002155,1,,,,1,1,1
LBY-002156,1,,,,1,1,1
LBY-002157,1,,,,1,1,1
LBY-002158,1,,,,1,1,1
LBY-002159,0,,,,1,1,1
LBY-002160,1,,,,1,1,1
LBY-002161,1,,,,1,1,1
LBY-002162,1,,,,0,0,1
LBY-002163,1,,,,1,1,1
LBY-002164,1,,,,1,1,1
LBY-002165,1,,,,1,0,0
LBY-002166,1,,,,1,1,1
LBY-002167,1,,,,0,1,1
LBY-002168,1,,,,1,1,1
LBY-002169,1,,,,1,1,1
LBY-002170,0,,,,0,1,1
LBY-002171,1,,,,1,0,1
LBY-002172,0,,,,1,0,0
LBY-002173,1,,,,0,1,1
LBY-002174,1,,,,1,1,1
LBY-002175,1,,,,0,1,1
LBY-002176,1,,,,1,1,1
LBY-002177,0,,,,0,0,0
LBY-002178,1,,,,0,1,1
LBY-002179,1,,,,0,0,0
LBY-002180,1,,,,1,0,0
LBY-002181,1,,,,0,0,1
LBY-002182,1,,,,0,0,1
LBY-002183,0,,,,0,0,1
LBY-002184,1,,,,1,1,1
LBY-002185,1,,,,1,0,0
LBY-002186,1,,,,1,1,1
LBY-002187,1,,,,1,1,1
LBY-002188,1,,,,1,1,1
LBY-002189,1,,,,1,0,1
LBY-002190,1,,,,1,1,1
LBY-002191,1,,,,1,1,1
LBY-002192,1,,,,1,0,1
LBY-002193,1,,,,1,0,1
LBY-002194,1,,,,1,1,1
LBY-002195,1,,,,1,1,1
LBY-002196,1,,,,1,1,1
LBY-002197,1,,,,1,1,1
LBY-002198,1,,,,1,1,1
LBY-002199,1,,,,1,1,1
LBY-002200,1,,,,1,1,1
LBY-002201,1,,,,1,1,1
LBY-002202,1,,,,1,1,1
LBY-002203,1,,,,0,1,1
LBY-002204,1,,,,1,1,1
LBY-002205,1,,,,0,1,1
LBY-002206,0,,,,1,0,0
LBY-002207,0,,,,0,0,0
LBY-002208,1,,,,0,0,0
LBY-002209,1,,,,0,1,1
LBY-002210,1,,,,0,0,0
LBY-002211,1,,,,0,0,0
LBY-002212,0,,,,0,0,0
LBY-002213,0,,,,0,0,0
LBY-002214,0,,,,0,0,0
LBY-002215,0,,,,0,0,0
LBY-002216,0,,,,0,0,0
LBY-002217,0,,,,0,0,0
LBY-002218,1,,,,0,1,1
LBY-002219,1,,,,0,0,0
LBY-002220,0,,,,0,0,0
LBY-002221,1,,,,1,0,1
LBY-002222,1,,,,1,1,1
LBY-002223,1,,,,1,0,1
LBY-002224,1,,,,1,1,1
LBY-002225,1,,,,1,1,1
LBY-002226,1,,,,0,0,0
LBY-002227,1,,,,1,1,1
LBY-002228,1,,,,1,1,1
LBY-002229,1,,,,1,1,1
LBY-002230,0,,,,1,1,1
LBY-002231,1,,,,1,0,0
LBY-002232,1,,,,1,1,1
LBY-002233,0,,,,1,0,1
LBY-002234,0,,,,0,0,1
LBY-002235,1,,,,1,1,1
LBY-002236,1,,,,1,0,1
LBY-002237,0,,,,1,1,1
LBY-002238,1,,,,0,0,0
LBY-002239,1,,,,0,0,0
LBY-002240,1,,,,0,0,0
LBY-002241,0,,,,0,0,0
LBY-002242,0,,,,0,0,0
LBY-002243,1,,,,1,1,1
LBY-002244,1,,,,0,0,0
LBY-002245,1,,,,1,0,1
LBY-002246,0,,,,0,0,0
LBY-002247,1,,,,1,1,1
LBY-002248,1,,,,1,1,1
LBY-002249,1,,,,0,0,0
LBY-002250,1,,,,1,1,1
LBY-002251,1,,,,1,1,1
LBY-002252,1,,,,1,1,1
LBY-002253,1,,,,1,1,1
LBY-002254,1,,,,1,1,1
LBY-002255,1,,,,1,1,1
LBY-002256,1,,,,0,0,0
LBY-002257,1,,,,1,1,1
LBY-002258,1,,,,1,0,0
LBY-002259,1,,,,1,1,1
LBY-002260,1,,,,0,0,1
LBY-002261,1,,,,1,1,1
LBY-002262,1,,,,1,1,1
LBY-002263,1,,,,1,1,1
LBY-002264,1,,,,1,1,1
LBY-002265,1,,,,0,1,1
LBY-002266,1,,,,1,1,1
LBY-002267,1,,,,1,1,1
LBY-002268,1,,,,0,1,1
LBY-002269,1,,,,1,0,0
LBY-002270,1,,,,1,1,1
LBY-002271,1,,,,0,1,1
LBY-002272,1,,,,1,1,1
LBY-002273,1,,,,1,1,1
LBY-002274,1,,,,0,0,1
LBY-002275,1,,,,0,1,1
LBY-002276,1,,,,0,0,0
LBY-002277,1,,,,1,1,1
LBY-002278,1,,,,1,0,1
LBY-002279,0,,,,1,1,1
LBY-002280,1,,,,1,1,1
LBY-002281,1,,,,1,1,1
LBY-002282,1,,,,1,1,1
LBY-002283,1,,,,1,1,1
LBY-002284,1,,,,1,1,1
LBY-002285,1,,,,1,1,1
LBY-002286,1,,,,1,1,1
LBY-002287,1,,,,1,1,1
LBY-002288,0,,,,1,1,1
LBY-002289,0,,,,0,0,0
LBY-002290,1,,,,0,1,1
LBY-002291,0,,,,0,0,0
LBY-002292,0,,,,0,0,0
LBY-002293,1,,,,1,1,1
LBY-002294,1,,,,1,0,1
LBY-002295,1,,,,1,1,1
LBY-002296,0,,,,1,1,1
LBY-002297,1,,,,0,1,1
LBY-002298,0,,,,1,0,0
LBY-002299,1,,,,1,1,1
LBY-002300,1,,,,1,1,1
LBY-002301,1,,,,1,0,1
LBY-002302,1,,,,1,1,1
LBY-002303,1,,,,1,1,1
LBY-002304,1,,,,1,0,1
LBY-002305,1,,,,1,1,1
LBY-002306,1,,,,1,1,1
LBY-002307,1,,,,1,1,1
LBY-002308,0,,,,0,0,0
LBY-002309,1,,,,1,1,1
LBY-002310,0,,,,0,0,0
LBY-002311,1,,,,1,1,1
LBY-002312,1,,,,0,1,1
LBY-002313,1,,,,1,1,1
LBY-002314,1,,,,1,1,1
LBY-002315,1,,,,1,1,1
LBY-002316,1,,,,0,0,0
LBY-002317,1,,,,1,0,1
LBY-002318,1,,,,1,1,1
LBY-002319,1,,,,1,0,1
LBY-002320,1,,,,1,1,1
LBY-002321,1,,,,1,1,1
LBY-002322,1,,,,1,1,1
LBY-002323,1,,,,1,1,1
LBY-002324,1,,,,0,1,1
LBY-002325,1,,,,1,1,1
LBY-002326,1,,,,1,1,1
LBY-002327,1,,,,1,1,1
LBY-002328,1,,,,1,1,1
LBY-002329,1,,,,1,1,1
LBY-002330,0,,,,1,1,1
LBY-002331,1,,,,0,1,1
LBY-002332,1,,,,1,1,1
LBY-002333,1,,,,1,1,1
LBY-002334,1,,,,1,1,1
LBY-002335,0,,,,1,1,1
LBY-002336,1,,,,1,1,1
LBY-002337,1,,,,1,1,1
LBY-002338,1,,,,1,1,1
LBY-002339,1,,,,1,1,1
LBY-002340,1,,,,1,0,1
LBY-002341,0,,,,1,0,0
LBY-002342,1,,,,1,0,1
LBY-002343,1,,,,1,0,1
LBY-002344,1,,,,1,0,1
LBY-002345,1,,,,1,0,0
LBY-002346,1,,,,1,0,0
LBY-002347,1,,,,1,1,1
LBY-002348,1,,,,1,1,1
LBY-002349,1,,,,1,0,0
LBY-002350,0,,,,1,0,0
LBY-002351,0,,,,0,0,0
LBY-002352,0,,,,1,0,0
LBY-002353,1,,,,1,0,0
LBY-002354,1,,,,0,0,0
LBY-002355,1,,,,1,1,1
LBY-002356,1,,,,1,0,0
LBY-002357,1,,,,1,1,1
LBY-002358,1,,,,1,1,1
LBY-002359,1,,,,1,1,1
LBY-002360,1,,,,1,1,1
LBY-002361,1,,,,1,0,1
LBY-002362,1,,,,0,1,1
LBY-002363,1,,,,1,0,1
LBY-002364,1,,,,0,1,1
LBY-002365,1,,,,0,1,1
LBY-002366,0,,,,0,0,0
LBY-002367,1,,,,1,1,1
LBY-002368,1,,,,1,1,1
LBY-002369,1,,,,1,1,1
LBY-002370,1,,,,1,1,1
LBY-002371,1,,,,0,1,1
LBY-002372,0,,,,0,0,0
LBY-002373,1,,,,0,1,1
LBY-002374,1,,,,1,0,0
LBY-002375,1,,,,1,1,1
LBY-002376,1,,,,1,1,1
LBY-002377,1,,,,1,1,1
LBY-002378,1,,,,1,1,1
LBY-002379,1,,,,1,1,1
LBY-002380,1,,,,1,1,1
LBY-002381,0,,,,0,0,0
LBY-002382,1,,,,0,0,0
LBY-002383,0,,,,0,0,0
LBY-002384,0,,,,0,0,0
LBY-002385,1,,,,1,1,1
LBY-002386,1,,,,1,1,1
LBY-002387,1,,,,1,1,1
LBY-002388,0,,,,0,0,0
LBY-002389,0,,,,1,1,1
LBY-002390,0,,,,0,1,1
LBY-002391,0,,,,1,1,1
LBY-002392,1,,,,1,1,1
LBY-002393,1,,,,1,1,1
LBY-002394,1,,,,0,1,1
LBY-002395,0,,,,0,0,0
LBY-002396,0,,,,0,0,0
LBY-002397,1,,,,0,1,1
LBY-002398,1,,,,1,1,1
LBY-002399,1,,,,1,1,1
LBY-002400,1,,,,1,1,1
LBY-002401,1,,,,1,1,1
LBY-002402,0,,,,0,0,0
LBY-002403,1,,,,1,1,1
LBY-002404,1,,,,1,1,1
LBY-002405,1,,,,1,1,1
LBY-002406,1,,,,1,0,0
LBY-002407,1,,,,1,1,1
LBY-002408,1,,,,1,1,1
LBY-002409,0,,,,1,1,1
LBY-002410,1,,,,0,1,1
LBY-002411,0,,,,1,1,1
LBY-002412,1,,,,1,1,1
LBY-002413,1,,,,1,1,1
LBY-002414,1,,,,1,1,1
LBY-002415,1,,,,1,1,1
LBY-002416,1,,,,1,1,1
LBY-002417,1,,,,1,1,1
LBY-002418,0,,,,0,0,0
LBY-002419,1,,,,1,1,1
LBY-002420,0,,,,0,0,0
LBY-002421,0,,,,0,1,1
LBY-002422,1,,,,0,0,0
LBY-002423,0,,,,0,0,0
LBY-002424,1,,,,0,1,1
LBY-002425,1,,,,1,1,1
LBY-002426,1,,,,1,1,1
LBY-002427,1,,,,1,1,1
LBY-002428,1,,,,0,1,1
LBY-002429,1,,,,1,0,0
LBY-002430,1,,,,1,1,1
LBY-002431,1,,,,1,1,1
LBY-002432,1,,,,1,1,1
LBY-002433,1,,,,0,1,1
LBY-002434,1,,,,1,1,1
LBY-002435,1,,,,1,1,1
LBY-002436,1,,,,1,1,1
LBY-002437,1,,,,1,1,1
LBY-002438,1,,,,1,1,1
LBY-002439,1,,,,1,1,1
LBY-002440,1,,,,1,1,1
LBY-002441,1,,,,1,1,1
LBY-002442,1,,,,1,1,1
LBY-002443,1,,,,1,0,1
LBY-002444,1,,,,1,1,1
LBY-002445,1,,,,1,1,1
LBY-002446,1,,,,0,0,0
LBY-002447,1,,,,1,1,1
LBY-002448,1,,,,1,1,1
LBY-002449,1,,,,1,1,1
LBY-002450,0,,,,0,0,0
LBY-002451,1,,,,1,1,1
LBY-002452,1,,,,1,1,1
LBY-002453,1,,,,1,1,1
LBY-002454,1,,,,1,1,1
LBY-002455,1,,,,1,1,1
LBY-002456,1,,,,1,1,1
LBY-002457,1,,,,1,1,1
LBY-002458,1,,,,1,1,1
LBY-002459,1,,,,0,0,0
LBY-002460,1,,,,1,1,1
LBY-002461,1,,,,1,1,1
LBY-002462,1,,,,1,1,1
LBY-002463,1,,,,1,1,1
LBY-002464,1,,,,0,1,1
LBY-002465,1,,,,0,0,0
LBY-002466,1,,,,0,0,0
LBY-002467,1,,,,1,1,1
LBY-002468,1,,,,0,0,0
LBY-002469,1,,,,1,1,1
LBY-002470,1,,,,1,1,1
LBY-002471,1,,,,1,1,1
LBY-002472,1,,,,0,0,0
LBY-002473,1,,,,0,0,0
LBY-002474,1,,,,1,1,1
LBY-002475,1,,,,1,1,1
LBY-002476,1,,,,0,0,0
LBY-002477,1,,,,1,1,1
LBY-002478,1,,,,1,1,1
LBY-002479,1,,,,1,1,1
LBY-002480,0,,,,0,0,0
LBY-002481,0,,,,0,1,1
LBY-002482,1,,,,0,0,0
LBY-002483,1,,,,1,1,1
LBY-002484,1,,,,1,1,1
LBY-002485,1,,,,1,1,1
LBY-002486,1,,,,0,1,1
LBY-002487,1,,,,1,1,1
LBY-002488,1,,,,1,1,1
LBY-002489,1,,,,1,1,1
LBY-002490,1,,,,1,1,1
LBY-002491,1,,,,1,1,1
LBY-002492,1,,,,1,1,1
LBY-002493,1,,,,1,1,1
LBY-002494,1,,,,1,1,1
LBY-002495,1,,,,1,1,1
LBY-002496,1,,,,1,1,1
LBY-002497,1,,,,1,1,1
LBY-002498,1,,,,1,1,1
LBY-002499,1,,,,1,1,1
LBY-002500,1,,,,1,1,1
LBY-002501,1,,,,1,1,1
LBY-002502,1,,,,1,1,1
LBY-002503,1,,,,1,1,1
LBY-002504,1,,,,1,1,1
LBY-002505,1,,,,0,0,0
LBY-002506,1,,,,0,0,0
LBY-002507,1,,,,1,1,1
LBY-002508,1,,,,0,0,0
LBY-002509,1,,,,1,1,1
LBY-002510,1,,,,1,1,1
LBY-002511,0,,,,0,0,0
LBY-002512,0,,,,0,0,0
LBY-002513,0,,,,0,0,0
LBY-002514,0,,,,0,0,0
LBY-002515,1,,,,1,1,1
LBY-002516,1,,,,1,1,1
LBY-002517,1,,,,0,1,1
LBY-002518,1,,,,1,1,1
LBY-002519,1,,,,1,1,1
LBY-002520,1,,,,1,1,1
LBY-002521,1,,,,1,1,1
LBY-002522,0,,,,1,1,1
LBY-002523,1,,,,1,1,1
LBY-002524,1,,,,1,1,1
LBY-002525,1,,,,1,1,1
LBY-002526,0,,,,0,1,1
LBY-002527,0,,,,1,0,0
LBY-002528,1,,,,1,1,1
LBY-002529,1,,,,1,1,1
LBY-002530,1,,,,1,1,1
LBY-002531,1,,,,1,1,1
LBY-002532,1,,,,1,0,0
LBY-002533,1,,,,1,1,1
LBY-002534,1,,,,1,1,1
LBY-002535,0,,,,0,1,1
LBY-002536,1,,,,1,1,1
LBY-002537,1,,,,1,1,1
LBY-002538,1,,,,0,0,0
LBY-002539,0,,,,0,0,0
LBY-002540,0,,,,0,0,0
LBY-002541,0,,,,0,0,0
LBY-002542,1,,,,1,1,1
LBY-002543,1,,,,1,1,1
LBY-002544,1,,,,1,1,1
LBY-002545,1,,,,1,0,0
LBY-002546,1,,,,1,1,1
LBY-002547,1,,,,1,1,1
LBY-002548,1,,,,1,1,1
LBY-002549,1,,,,1,1,1
LBY-002550,1,,,,1,1,1
LBY-002551,1,,,,0,1,1
LBY-002552,1,,,,1,1,1
LBY-002553,1,,,,1,1,1
LBY-002554,0,,,,0,0,0
LBY-002555,0,,,,0,0,0
LBY-002556,1,,,,1,1,1
LBY-002557,1,,,,1,0,0
LBY-002558,1,,,,1,1,1
LBY-002559,1,,,,0,0,0
LBY-002560,1,,,,1,1,1
LBY-002561,1,,,,1,1,1
LBY-002562,1,,,,1,1,1
LBY-002563,1,,,,1,1,1
LBY-002564,1,,,,1,1,1
LBY-002565,0,,,,0,0,0
LBY-002566,1,,,,0,1,1
LBY-002567,1,,,,1,1,1
LBY-002568,1,,,,1,1,1
LBY-002569,1,,,,1,1,1
LBY-002570,1,,,,0,1,1
LBY-002571,1,,,,1,1,1
LBY-002572,1,,,,0,1,1
LBY-002573,0,,,,0,1,1
LBY-002574,1,,,,0,1,1
LBY-002575,1,,,,1,1,1
LBY-002576,1,,,,1,1,1
LBY-002577,1,,,,1,1,1
LBY-002578,1,,,,1,1,1
LBY-002579,1,,,,1,1,1
LBY-002580,1,,,,1,1,1
LBY-002581,1,,,,0,1,1
LBY-002582,1,,,,0,1,1
LBY-002583,1,,,,0,0,0
LBY-002584,0,,,,0,0,0
LBY-002585,0,,,,1,1,1
LBY-002586,1,,,,1,1,1
LBY-002587,1,,,,1,0,0
LBY-002588,1,,,,1,1,1
LBY-002589,1,,,,1,1,1
LBY-002590,0,,,,0,1,1
LBY-002591,1,,,,1,1,1
LBY-002592,1,,,,1,1,1
LBY-002593,0,,,,0,0,0
LBY-002594,1,,,,1,1,1
LBY-002595,1,,,,0,1,1
LBY-002596,1,,,,0,1,1
LBY-002597,1,,,,1,1,1
LBY-002598,1,,,,0,1,1
LBY-002599,1,,,,1,1,1
LBY-002600,1,,,,1,1,1
LBY-002601,1,,,,1,1,1
LBY-002602,1,,,,0,1,1
LBY-002603,1,,,,1,1,1
LBY-002604,0,,,,1,1,1
LBY-002605,1,,,,1,1,1
LBY-002606,1,,,,1,1,1
LBY-002607,1,,,,1,1,1
LBY-002608,1,,,,1,1,1
LBY-002609,1,,,,1,1,1
LBY-002610,1,,,,1,1,1
LBY-002611,1,,,,1,1,1
LBY-002612,1,,,,1,1,1
LBY-002613,1,,,,0,1,1
LBY-002614,1,,,,1,1,1
LBY-002615,0,,,,0,1,1
LBY-002616,1,,,,1,1,1
LBY-002617,1,,,,1,1,1
LBY-002618,1,,,,1,1,1
LBY-002619,1,,,,1,1,1
LBY-002620,1,,,,0,1,1
LBY-002621,1,,,,1,1,1
LBY-002622,1,,,,1,1,1
LBY-002623,1,,,,1,1,1
LBY-002624,1,,,,1,1,1
LBY-002625,1,,,,1,1,1
LBY-002626,1,,,,0,1,1
LBY-002627,1,,,,1,0,0
LBY-002628,1,,,,1,1,1
LBY-002629,1,,,,1,1,1
LBY-002630,1,,,,1,1,1
LBY-002631,1,,,,1,1,1
LBY-002632,1,,,,1,1,1
LBY-002633,0,,,,1,0,0
LBY-002634,1,,,,0,1,1
LBY-002635,1,,,,1,1,1
LBY-002636,1,,,,1,1,1
LBY-002637,1,,,,1,1,1
LBY-002638,1,,,,1,1,1
LBY-002639,1,,,,1,1,1
LBY-002640,1,,,,1,1,1
LBY-002641,1,,,,1,1,1
LBY-002642,1,,,,1,1,1
LBY-002643,1,,,,1,1,1
LBY-002644,1,,,,1,1,1
LBY-002645,0,,,,1,1,1
LBY-002646,1,,,,1,1,1
LBY-002647,1,,,,1,1,1
LBY-002648,1,,,,1,1,1
LBY-002649,1,,,,1,1,1
LBY-002650,1,,,,0,1,1
LBY-002651,1,,,,0,1,1
LBY-002652,1,,,,0,0,0
LBY-002653,0,,,,1,1,1
LBY-002654,1,,,,0,1,1
LBY-002655,1,,,,1,1,1
LBY-002656,1,,,,1,1,1
LBY-002657,1,,,,0,0,0
LBY-002658,1,,,,1,1,1
LBY-002659,1,,,,1,1,1
LBY-002660,0,,,,0,1,1
LBY-002661,1,,,,1,1,1
LBY-002662,1,,,,0,1,1
LBY-002663,1,,,,1,1,1
LBY-002664,1,,,,1,1,1
LBY-002665,0,,,,0,0,0
LBY-002666,1,,,,1,1,1
LBY-002667,0,,,,0,0,0
LBY-002668,0,,,,0,1,1
LBY-002669,1,,,,0,0,0
LBY-002670,0,,,,1,1,1
LBY-002671,1,,,,1,1,1
LBY-002672,1,,,,0,1,1
LBY-002673,1,,,,0,1,1
LBY-002674,1,,,,1,1,1
LBY-002675,1,,,,1,1,1
LBY-002676,1,,,,0,0,0
LBY-002677,0,,,,0,0,0
LBY-002678,1,,,,0,1,1
LBY-002679,1,,,,1,0,0
LBY-002680,1,,,,1,1,1
LBY-002681,1,,,,1,0,1
LBY-002682,0,,,,0,0,0
LBY-002683,0,,,,0,1,1
LBY-002684,0,,,,0,0,0
LBY-002685,1,,,,0,1,1
LBY-002686,0,,,,0,1,1
LBY-002687,1,,,,1,1,1
LBY-002688,0,,,,0,0,0
LBY-002689,1,,,,0,0,0
LBY-002690,0,,,,0,1,1
LBY-002691,1,,,,1,1,1
LBY-002692,1,,,,1,1,1
LBY-002693,1,,,,0,1,1
LBY-002695,1,,,,1,1,1
LBY-002696,1,,,,0,1,1
LBY-002697,0,,,,0,0,0
LBY-002698,1,,,,1,1,1
LBY-002699,0,,,,1,0,0
LBY-002700,1,,,,1,1,1
LBY-002701,1,,,,1,1,1
LBY-002702,1,,,,1,1,1
LBY-002703,0,,,,0,1,1
LBY-002704,1,,,,1,1,1
LBY-002705,1,,,,1,1,1
LBY-002706,1,,,,1,1,1
LBY-002707,0,,,,0,0,0
LBY-002708,1,,,,1,1,1
LBY-002709,1,,,,1,1,1
LBY-002710,0,,,,0,0,0
LBY-002711,1,,,,0,0,0
LBY-002712,1,,,,1,1,1
LBY-002713,1,,,,1,1,1
LBY-002714,1,,,,0,1,1
LBY-002715,1,,,,0,1,1
LBY-002716,1,,,,0,1,1
LBY-002717,0,,,,0,1,1
LBY-002718,1,,,,1,1,1
LBY-002719,1,,,,0,0,0
LBY-002720,1,,,,1,1,1
LBY-002721,0,,,,1,1,1
LBY-002722,1,,,,1,1,1
LBY-002723,1,,,,1,1,1
LBY-002724,1,,,,1,0,1
LBY-002725,1,,,,1,0,0
LBY-002726,1,,,,1,1,1
LBY-002727,1,,,,1,1,1
LBY-002728,1,,,,0,1,1
LBY-002729,0,,,,0,0,0
LBY-002730,1,,,,1,1,1
LBY-002731,1,,,,1,1,0
LBY-002732,1,,,,1,1,1
LBY-002733,1,,,,1,1,1
LBY-002734,1,,,,1,1,1
LBY-002735,1,,,,1,1,1
LBY-002736,1,,,,0,1,1
LBY-002737,1,,,,1,1,1
LBY-002738,1,,,,1,1,1
LBY-002739,0,,,,1,1,1
LBY-002740,1,,,,1,1,1
LBY-002741,1,,,,1,1,1
LBY-002742,1,,,,1,1,1
LBY-002743,1,,,,1,1,1
LBY-002744,1,,,,1,1,1
LBY-002745,1,,,,1,1,1
LBY-002746,1,,,,1,1,1
LBY-002747,0,,,,0,0,0
LBY-002748,0,,,,0,0,0
LBY-002749,1,,,,0,1,1
LBY-002751,1,,,,0,0,0
LBY-002752,0,,,,0,1,1
LBY-002753,1,,,,0,1,1
LBY-002754,1,,,,1,1,1
LBY-002755,1,,,,0,1,1
LBY-002768,1,,,,1,0,0
LBY-002770,1,,,,1,1,1
LBY-002771,1,,,,0,0,0
LBY-002777,1,,,,0,1,1
LBY-002778,1,,,,1,1,1
LBY-002779,1,,,,0,1,1
LBY-002780,1,,,,0,1,1
LBY-002781,1,,,,0,1,1
LBY-002782,1,,,,0,0,0
LBY-002783,1,,,,0,1,1
LBY-002784,0,,,,0,0,0
LBY-002785,1,,,,1,1,1
LBY-002787,1,,,,1,0,0
LBY-002788,1,,,,0,1,1
LBY-002789,1,,,,1,0,0
LBY-002790,1,,,,0,1,1
LBY-002791,1,,,,0,1,1
LBY-002802,1,,,,0,1,1
LBY-002803,1,,,,1,1,1
LBY-002804,1,,,,1,0,0
LBY-002805,0,,,,0,0,0
LBY-002806,1,,,,1,1,1
LBY-002807,1,,,,1,1,1
LBY-002808,0,,,,0,1,1
LBY-002809,1,,,,1,1,1
LBY-002810,0,,,,0,0,0
LBY-002811,1,,,,1,1,1
LBY-002812,1,,,,1,1,1
LBY-002813,1,,,,1,1,1
LBY-002814,0,,,,0,1,1
LBY-002815,1,,,,1,1,1
LBY-002816,0,,,,0,0,0
LBY-002817,1,,,,1,1,1
LBY-002818,1,,,,1,1,1
LBY-002819,1,,,,1,1,1
LBY-002820,1,,,,1,1,1
LBY-002822,0,,,,1,1,1
LBY-002823,0,,,,0,0,0
LBY-002824,1,,,,1,1,1
LBY-002825,0,,,,1,1,1
LBY-002826,1,,,,1,1,1
LBY-002827,0,,,,1,0,0
LBY-002828,1,,,,1,0,0
LBY-002829,1,,,,1,1,1
LBY-002830,1,,,,0,0,0
LBY-002831,1,,,,1,1,1
LBY-002832,1,,,,1,1,1
LBY-002833,1,,,,1,1,1
LBY-002834,0,,,,1,0,0
LBY-002835,1,,,,0,0,0
LBY-002836,1,,,,1,1,1
LBY-002837,1,,,,1,1,1
LBY-002838,1,,,,1,1,1
LBY-002839,1,,,,1,1,1
LBY-002840,0,,,,1,0,0
LBY-002841,1,,,,0,1,1
LBY-002842,1,,,,0,0,0
LBY-002843,1,,,,1,1,1
LBY-002844,1,,,,1,1,1
LBY-002845,1,,,,1,0,0
LBY-002846,1,,,,1,1,1
LBY-002847,1,,,,1,1,1
LBY-002848,1,,,,1,1,1
LBY-002849,1,,,,1,1,1
LBY-002850,1,,,,1,1,1
LBY-002851,1,,,,1,1,1
LBY-002852,1,,,,1,1,1
LBY-002853,1,,,,1,1,1
LBY-002854,1,,,,1,1,1
LBY-002855,1,,,,1,1,1
LBY-002856,1,,,,1,1,1
LBY-002857,1,,,,1,1,1
LBY-002859,1,,,,1,1,1
LBY-002860,1,,,,0,1,1
LBY-002861,1,,,,1,1,1
LBY-002862,1,,,,1,1,1
LBY-002863,1,,,,1,1,1
LBY-002864,1,,,,1,1,1
LBY-002865,1,,,,1,1,1
LBY-002866,0,,,,0,0,0
LBY-002867,1,,,,0,1,1
LBY-002868,0,,,,0,0,0
LBY-002869,1,,,,1,1,1
LBY-002870,1,,,,1,1,1
LBY-002871,1,,,,1,1,1
LBY-002872,0,,,,1,1,1
LBY-002873,1,,,,1,1,1
LBY-002874,1,,,,1,1,1
LBY-002875,1,,,,1,1,1
LBY-002876,1,,,,0,1,1
LBY-002877,1,,,,1,1,1
LBY-002878,1,,,,1,1,1
LBY-002879,1,,,,1,1,1
LBY-002880,1,,,,1,0,1
LBY-002881,1,,,,1,1,1
LBY-002882,1,,,,1,0,1
LBY-002883,0,,,,1,0,0
LBY-002884,1,,,,1,1,1
LBY-002885,1,,,,1,1,1
LBY-002886,1,,,,1,1,1
LBY-002887,1,,,,1,1,1
LBY-002888,1,,,,1,1,1
LBY-002889,1,,,,1,1,1
LBY-002890,1,,,,1,1,1
LBY-002891,1,,,,1,1,0
LBY-002892,1,,,,1,1,1
LBY-002893,1,,,,1,1,1
LBY-002894,0,,,,1,1,1
LBY-002895,1,,,,1,1,0
LBY-002896,1,,,,1,1,1
LBY-002897,1,,,,1,1,1
LBY-002898,1,,,,1,1,1
LBY-002899,1,,,,1,1,1
LBY-002900,1,,,,1,1,1
LBY-002901,0,,,,1,1,1
LBY-002902,1,,,,0,1,1
LBY-002903,1,,,,1,1,1
LBY-002904,1,,,,1,1,1
LBY-002905,1,,,,1,1,1
LBY-002906,1,,,,1,1,1
LBY-002907,1,,,,1,1,1
LBY-002908,1,,,,1,1,1
LBY-002909,1,,,,1,1,1
LBY-002910,1,,,,1,1,1
LBY-002911,1,,,,1,1,1
LBY-002912,1,,,,1,1,1
LBY-002913,1,,,,1,1,1
LBY-002914,1,,,,1,1,1
LBY-002915,1,,,,1,1,1
LBY-002916,1,,,,1,1,1
LBY-002917,1,,,,1,1,1
LBY-002918,1,,,,1,1,1
LBY-002919,0,,,,0,0,0
LBY-002920,0,,,,0,0,0
LBY-002921,1,,,,1,1,1
LBY-002922,1,,,,1,1,1
LBY-002923,1,,,,1,1,1
LBY-002924,1,,,,1,1,1
LBY-002925,1,,,,1,1,1
LBY-002926,1,,,,1,1,1
LBY-002927,1,,,,1,1,1
LBY-002928,1,,,,1,1,1
LBY-002929,1,,,,1,1,1
LBY-002930,0,,,,0,0,0
LBY-002931,1,,,,0,1,1
LBY-002932,1,,,,1,1,1
LBY-002933,1,,,,1,1,1
LBY-002934,1,,,,1,1,1
LBY-002935,1,,,,1,1,1
LBY-002936,1,,,,1,1,1
LBY-002937,1,,,,1,1,1
LBY-002938,1,,,,1,1,1
LBY-002939,1,,,,1,1,1
LBY-002940,1,,,,1,1,1
LBY-002941,1,,,,1,1,1
LBY-002942,1,,,,1,1,1
LBY-002943,1,,,,1,1,1
LBY-002944,1,,,,1,1,1
LBY-002945,1,,,,1,1,1
LBY-002946,1,,,,1,1,1
LBY-002947,1,,,,1,1,1
LBY-002948,0,,,,1,1,1
LBY-002949,1,,,,0,1,1
LBY-002950,1,,,,1,1,1
LBY-002951,1,,,,1,1,1
LBY-002952,1,,,,1,1,1
LBY-002953,1,,,,1,1,1
LBY-002954,1,,,,1,1,1
LBY-002955,1,,,,1,1,1
LBY-002956,0,,,,0,0,0
LBY-002957,1,,,,1,1,1
LBY-002958,1,,,,0,0,0
LBY-002959,1,,,,1,1,1
LBY-002960,1,,,,1,1,1
LBY-002961,1,,,,1,1,1
LBY-002962,1,,,,1,1,1
LBY-002963,1,,,,0,1,1
LBY-002964,1,,,,1,1,1
LBY-002965,1,,,,1,1,1
LBY-002966,1,,,,1,1,1
LBY-002967,1,,,,1,1,1
LBY-002968,1,,,,0,1,1
LBY-002969,1,,,,0,1,1
LBY-002970,1,,,,0,1,1
LBY-002971,0,,,,0,0,0
LBY-002972,1,,,,0,1,1
LBY-002973,1,,,,1,1,1
LBY-002974,1,,,,0,1,1
LBY-002975,1,,,,0,1,1
LBY-002976,0,,,,0,0,0
LBY-002977,1,,,,1,1,1
LBY-002978,1,,,,0,1,1
LBY-002979,1,,,,0,1,1
LBY-002980,1,,,,0,1,1
LBY-002981,1,,,,0,0,0
LBY-002982,0,,,,0,1,1
LBY-002983,1,,,,1,1,1
LBY-002984,1,,,,0,1,1
LBY-002985,0,,,,0,0,1
LBY-002986,1,,,,1,1,1
LBY-002987,0,,,,0,0,0
LBY-002988,0,,,,0,0,0
LBY-002989,0,,,,0,0,0
LBY-002990,0,,,,0,0,0
LBY-002991,0,,,,0,0,0
LBY-002992,0,,,,0,0,0
LBY-002993,0,,,,0,0,0
LBY-002994,1,,,,1,1,1
LBY-002995,0,,,,1,1,1
LBY-002996,1,,,,0,1,1
LBY-002997,0,,,,1,1,1
LBY-002998,1,,,,1,0,0
LBY-002999,1,,,,0,0,0
LBY-003000,1,,,,1,1,1
LBY-003001,0,,,,0,0,0
LBY-003002,1,,,,1,1,1
LBY-003003,1,,,,1,1,1
LBY-003004,1,,,,1,1,1
LBY-003005,1,,,,0,1,1
LBY-003006,1,,,,1,1,1
LBY-003007,1,,,,1,1,1
LBY-003008,1,,,,1,1,1
LBY-003009,1,,,,1,1,1
LBY-003010,0,,,,0,0,0
LBY-003011,1,,,,1,1,1
LBY-003012,1,,,,1,1,0
LBY-003013,1,,,,1,1,1
LBY-003014,1,,,,1,1,1
LBY-003015,1,,,,1,1,1
LBY-003016,1,,,,0,0,0
LBY-003017,1,,,,1,1,1
LBY-003018,1,,,,1,1,1
LBY-003019,1,,,,1,1,1
LBY-003020,1,,,,1,1,1
LBY-003021,1,,,,0,1,1
LBY-003022,1,,,,1,1,1
LBY-003023,1,,,,1,1,1
LBY-003024,1,,,,1,1,1
LBY-003025,1,,,,1,0,0
LBY-003026,1,,,,1,1,1
LBY-003027,1,,,,1,1,1
LBY-003028,1,,,,0,1,1
LBY-003029,1,,,,1,1,1
LBY-003030,0,,,,0,0,0
LBY-003031,1,,,,1,1,1
LBY-003032,1,,,,1,1,1
LBY-003033,1,,,,1,1,1
LBY-003034,1,,,,1,1,1
LBY-003035,1,,,,0,0,0
LBY-003036,1,,,,1,1,1
LBY-003037,1,,,,1,1,1
LBY-003038,1,,,,1,1,1
LBY-003039,1,,,,1,1,1
LBY-003040,1,,,,1,1,1
LBY-003041,1,,,,1,1,1
LBY-003042,1,,,,1,1,1
LBY-003043,1,,,,1,1,1
LBY-003044,1,,,,0,0,0
LBY-003046,1,,,,1,1,1
LBY-003047,1,,,,1,1,1
LBY-003048,1,,,,1,1,1
LBY-003049,1,,,,1,1,1
LBY-003050,1,,,,1,1,1
LBY-003051,1,,,,1,1,1
LBY-003052,1,,,,1,1,1
LBY-003053,0,,,,0,0,0
LBY-003054,1,,,,1,1,1
LBY-003055,1,,,,1,1,1
LBY-003056,1,,,,1,1,1
LBY-003057,1,,,,1,1,1
LBY-003058,1,,,,1,1,1
LBY-003059,1,,,,1,1,1
LBY-003060,1,,,,1,1,1
LBY-003061,1,,,,0,1,1
LBY-003062,0,,,,1,1,1
LBY-003063,1,,,,0,1,1
LBY-003064,1,,,,1,0,0
LBY-003065,1,,,,0,0,0
LBY-003066,0,,,,0,0,0
LBY-003067,1,,,,1,1,1
LBY-003068,1,,,,1,1,1
LBY-003069,1,,,,1,1,1
LBY-003070,0,,,,0,0,0
LBY-003071,1,,,,1,0,0
LBY-003072,0,,,,0,0,0
LBY-003073,1,,,,1,1,1
LBY-003074,1,,,,1,1,1
LBY-003075,1,,,,1,1,1
LBY-003076,1,,,,1,1,1
LBY-003077,1,,,,1,1,1
LBY-003078,1,,,,1,1,1
LBY-003079,1,,,,1,1,1
LBY-003080,1,,,,1,1,1
LBY-003081,1,,,,1,1,1
LBY-003082,1,,,,1,1,1
LBY-003083,1,,,,1,1,1
LBY-003084,1,,,,0,0,0
LBY-003085,1,,,,1,1,1
LBY-003086,0,,,,0,0,0
LBY-003087,1,,,,1,1,1
LBY-003088,1,,,,1,1,1
LBY-003089,1,,,,1,1,1
LBY-003090,1,,,,1,1,1
LBY-003091,1,,,,1,1,1
LBY-003092,1,,,,1,1,1
LBY-003093,1,,,,1,1,1
LBY-003094,1,,,,0,1,1
LBY-003095,1,,,,0,1,1
LBY-003096,1,,,,1,1,1
LBY-003097,1,,,,1,1,1
LBY-003098,1,,,,1,1,1
LBY-003099,1,,,,1,1,1
LBY-003100,1,,,,1,1,1
LBY-003101,1,,,,1,1,1
LBY-003102,1,,,,1,1,1
LBY-003103,1,,,,0,1,1
LBY-003104,1,,,,0,1,1
LBY-003105,1,,,,0,0,0
LBY-003106,1,,,,0,1,1
LBY-003107,1,,,,1,0,0
LBY-003108,1,,,,0,1,1
LBY-003109,0,,,,0,0,0
LBY-003110,1,,,,0,1,1
LBY-003111,1,,,,1,1,1
LBY-003112,1,,,,1,1,1
LBY-003113,1,,,,1,1,1
LBY-003114,1,,,,1,1,1
LBY-003115,1,,,,1,1,1
LBY-003116,1,,,,1,1,1
LBY-003117,1,,,,1,1,1
LBY-003118,1,,,,1,1,1
LBY-003119,1,,,,1,1,1
LBY-003120,1,,,,1,1,1
LBY-003121,1,,,,0,1,1
LBY-003122,1,,,,1,1,1
LBY-003123,1,,,,1,1,1
LBY-003124,1,,,,1,1,1
LBY-003125,0,,,,1,0,0
LBY-003126,1,,,,1,1,1
LBY-003127,1,,,,1,0,0
LBY-003128,1,,,,0,0,0
LBY-003129,0,,,,0,0,0
LBY-003130,0,,,,0,1,1
LBY-003131,1,,,,1,1,1
LBY-003132,1,,,,1,0,1
LBY-003133,1,,,,1,1,1
LBY-003134,0,,,,1,1,1
LBY-003136,1,,,,1,0,1
LBY-003137,1,,,,1,0,0
LBY-003138,1,,,,1,1,1
LBY-003139,1,,,,1,0,0
LBY-003140,0,,,,1,1,1
LBY-003141,1,,,,1,1,1
LBY-003142,0,,,,0,0,0
LBY-003143,1,,,,1,1,1
LBY-003144,1,,,,1,1,1
LBY-003145,0,,,,0,0,0
LBY-003146,1,,,,1,1,1
LBY-003148,1,,,,1,1,1
LBY-003149,1,,,,0,1,1
LBY-003150,0,,,,1,0,0
LBY-003151,0,,,,1,0,0
LBY-003152,1,,,,1,1,1
LBY-003153,1,,,,0,1,1
LBY-003154,1,,,,1,1,1
LBY-003155,1,,,,1,1,1
LBY-003156,1,,,,1,1,1
LBY-003157,1,,,,1,1,1
LBY-003158,1,,,,1,0,0
LBY-003159,1,,,,1,1,1
LBY-003160,1,,,,0,0,0
LBY-003161,1,,,,0,0,0
LBY-003162,1,,,,1,0,1
LBY-003163,1,,,,1,0,1
LBY-003164,1,,,,1,1,1
LBY-003165,1,,,,0,0,0
LBY-003166,1,,,,1,1,1
LBY-003167,0,,,,0,0,0
LBY-003168,1,,,,1,1,1
LBY-003169,1,,,,1,1,1
LBY-003170,1,,,,0,0,0
LBY-003171,1,,,,1,1,1
LBY-003172,1,,,,1,1,1
LBY-003173,1,,,,1,1,1
LBY-003174,1,,,,1,1,1
LBY-003175,1,,,,0,0,0
LBY-003176,0,,,,0,0,0
LBY-003177,1,,,,1,1,1
LBY-003178,1,,,,0,1,1
LBY-003179,1,,,,0,0,0
LBY-003180,1,,,,1,0,0
LBY-003181,1,,,,1,1,1
LBY-003182,1,,,,1,1,1
LBY-003183,1,,,,1,0,1
LBY-003184,1,,,,1,1,1
LBY-003185,0,,,,0,0,0
LBY-003186,1,,,,0,0,0
LBY-003187,1,,,,0,1,1
LBY-003188,1,,,,0,0,0
LBY-003189,1,,,,1,1,1
LBY-003190,0,,,,0,0,0
LBY-003191,0,,,,0,0,0
LBY-003192,1,,,,1,1,1
LBY-003193,1,,,,1,1,1
LBY-003194,1,,,,0,0,0
LBY-003195,1,,,,1,1,1
LBY-003196,1,,,,1,1,1
LBY-003197,1,,,,1,0,0
LBY-003198,1,,,,0,1,1
LBY-003199,1,,,,1,0,0
LBY-003200,0,,,,1,1,1
LBY-003201,1,,,,1,1,1
LBY-003202,1,,,,0,0,0
LBY-003203,0,,,,0,1,1
LBY-003204,1,,,,0,0,0
LBY-003205,1,,,,1,0,0
LBY-003206,1,,,,1,0,0
LBY-003207,1,,,,1,1,1
LBY-003208,1,,,,1,1,1
LBY-003209,1,,,,1,0,0
LBY-003210,1,,,,1,1,1
LBY-003211,1,,,,1,1,1
LBY-003212,1,,,,1,1,1
LBY-003213,1,,,,0,0,0
LBY-003214,1,,,,1,1,1
LBY-003215,1,,,,0,1,1
LBY-003216,1,,,,1,1,1
LBY-003217,1,,,,1,1,1
LBY-003218,1,,,,1,1,1
LBY-003219,1,,,,1,1,1
LBY-003220,1,,,,1,1,1
LBY-003221,1,,,,1,1,1
LBY-003222,1,,,,1,1,1
LBY-003223,1,,,,1,1,1
LBY-003224,1,,,,1,1,1
LBY-003225,0,,,,1,1,1
LBY-003226,0,,,,1,1,1
LBY-003227,1,,,,1,1,1
LBY-003228,1,,,,0,0,0
LBY-003229,1,,,,1,1,1
LBY-003230,1,,,,1,1,1
LBY-003231,1,,,,1,1,1
LBY-003232,0,,,,0,0,0
LBY-003233,1,,,,1,1,1
LBY-003234,0,,,,1,1,1
LBY-003235,1,,,,1,1,1
LBY-003236,1,,,,1,1,1
LBY-003237,1,,,,1,1,1
LBY-003238,1,,,,1,1,1
LBY-003239,1,,,,1,1,1
LBY-003240,0,,,,1,0,0
LBY-003241,1,,,,1,1,1
LBY-003242,1,,,,1,1,1
LBY-003243,1,,,,1,0,1
LBY-003244,1,,,,1,1,1
LBY-003245,1,,,,1,1,1
LBY-003246,1,,,,1,1,1
LBY-003247,1,,,,1,1,1
LBY-003248,1,,,,1,1,1
LBY-003249,1,,,,1,1,1
LBY-003250,1,,,,1,1,1
LBY-003251,1,,,,1,1,1
LBY-003252,1,,,,1,1,1
LBY-003253,1,,,,0,1,1
LBY-003254,1,,,,1,1,1
LBY-003255,0,,,,0,0,0
LBY-003256,1,,,,1,1,1
LBY-003257,1,,,,1,1,1
LBY-003258,1,,,,1,1,1
LBY-003259,1,,,,1,1,1
LBY-003260,1,,,,1,1,1
LBY-003261,1,,,,1,1,1
LBY-003262,1,,,,1,1,1
LBY-003263,1,,,,1,1,1
LBY-003264,1,,,,1,1,1
LBY-003265,1,,,,1,1,1
LBY-003266,1,,,,1,1,1
LBY-003267,1,,,,1,1,1
LBY-003268,1,,,,1,1,1
LBY-003269,0,,,,1,1,1
LBY-003270,1,,,,0,1,1
LBY-003271,1,,,,1,1,1
LBY-003272,1,,,,1,1,1
LBY-003273,1,,,,0,0,0
LBY-003274,0,,,,0,0,0
LBY-003275,1,,,,1,1,1
LBY-003276,1,,,,1,1,1
LBY-003277,1,,,,1,1,1
LBY-003278,1,,,,1,1,1
LBY-003280,1,,,,1,1,1
LBY-003281,1,,,,1,1,1
LBY-003282,1,,,,0,1,1
LBY-003283,1,,,,1,1,1
LBY-003284,1,,,,1,1,1
LBY-003285,1,,,,1,1,1
LBY-003286,1,,,,1,1,1
LBY-003287,1,,,,1,1,1
LBY-003288,1,,,,1,1,1
LBY-003289,1,,,,1,1,1
LBY-003290,1,,,,0,1,1
LBY-003291,1,,,,1,0,0
LBY-003292,1,,,,0,0,0
LBY-003293,1,,,,1,1,1
LBY-003294,1,,,,0,1,1
LBY-003295,1,,,,1,1,1
LBY-003296,1,,,,1,1,1
LBY-003297,1,,,,1,1,1
LBY-003298,1,,,,1,1,1
LBY-003299,1,,,,1,1,1
LBY-003300,1,,,,1,1,1
LBY-003301,0,,,,1,1,1
LBY-003302,1,,,,1,1,1
LBY-003303,1,,,,1,1,1
LBY-003304,1,,,,1,1,1
LBY-003305,1,,,,1,1,1
LBY-003306,1,,,,1,1,1
LBY-003307,1,,,,1,1,1
LBY-003308,1,,,,1,1,1
LBY-003309,1,,,,1,1,1
LBY-003310,1,,,,1,1,1
LBY-003311,1,,,,1,1,1
LBY-003313,0,,,,1,1,1
LBY-003314,1,,,,1,1,1
LBY-003315,1,,,,1,1,1
LBY-003316,0,,,,1,1,1
LBY-003317,1,,,,1,1,1
LBY-003318,1,,,,1,1,1
LBY-003319,0,,,,0,0,0
LBY-003320,1,,,,1,1,1
LBY-003321,1,,,,1,1,1
LBY-003322,0,,,,1,1,1
LBY-003323,1,,,,1,1,1
LBY-003324,0,,,,0,0,0
LBY-003325,1,,,,1,1,1
LBY-003326,1,,,,1,0,1
LBY-003327,1,,,,1,1,1
LBY-003328,1,,,,1,0,0
LBY-003329,0,,,,0,0,0
LBY-003330,1,,,,1,1,1
LBY-003331,1,,,,1,1,1
LBY-003332,1,,,,1,1,1
LBY-003333,1,,,,1,1,1
LBY-003334,1,,,,1,0,1
LBY-003335,1,,,,1,1,1
LBY-003336,1,,,,1,1,1
LBY-003337,1,,,,1,1,1
LBY-003338,1,,,,1,1,1
LBY-003339,1,,,,1,1,1
LBY-003340,1,,,,1,1,1
LBY-003341,1,,,,1,1,1
LBY-003342,1,,,,1,1,1
LBY-003343,0,,,,0,0,0
LBY-003344,1,,,,1,1,1
LBY-003345,1,,,,1,0,0
LBY-003346,1,,,,1,1,1
LBY-003347,1,,,,1,1,1
LBY-003348,1,,,,1,1,1
LBY-003349,0,,,,0,0,0
LBY-003350,1,,,,1,1,1
LBY-003351,1,,,,1,1,1
LBY-003352,1,,,,1,1,1
LBY-003353,1,,,,1,1,1
LBY-003354,1,,,,0,0,0
LBY-003355,1,,,,1,1,1
LBY-003356,1,,,,0,1,1
LBY-003357,0,,,,0,0,0
LBY-003358,1,,,,1,1,1
LBY-003359,1,,,,1,0,0
LBY-003360,1,,,,1,1,1
LBY-003361,1,,,,1,1,1
LBY-003362,1,,,,1,1,1
LBY-003363,0,,,,1,1,1
LBY-003364,1,,,,1,1,1
LBY-003365,1,,,,1,1,1
LBY-003366,1,,,,1,1,1
LBY-003367,1,,,,1,1,1
LBY-003368,1,,,,1,1,1
LBY-003369,1,,,,1,1,1
LBY-003370,1,,,,1,1,0
LBY-003371,1,,,,1,1,1
LBY-003372,1,,,,1,1,0
LBY-003373,1,,,,1,1,1
LBY-003374,1,,,,1,1,1
LBY-003375,1,,,,1,1,1
LBY-003376,1,,,,0,1,1
LBY-003377,1,,,,1,1,1
LBY-003378,1,,,,1,1,1
LBY-003379,1,,,,1,1,1
LBY-003380,1,,,,1,1,1
LBY-003381,1,,,,1,1,1
LBY-003382,1,,,,1,1,1
LBY-003383,1,,,,1,1,1
LBY-003384,0,,,,0,0,0
LBY-003385,1,,,,1,0,1
LBY-003386,1,,,,1,1,1
LBY-003387,1,,,,1,1,1
LBY-003388,0,,,,1,0,0
LBY-003389,1,,,,1,1,1
LBY-003390,1,,,,1,1,1
LBY-003391,1,,,,1,1,1
LBY-003392,1,,,,1,1,1
LBY-003393,1,,,,1,1,1
LBY-003394,0,,,,0,0,0
LBY-003395,1,,,,0,1,1
LBY-003396,1,,,,1,1,1
LBY-003397,1,,,,1,1,1
LBY-003398,1,,,,1,1,1
LBY-003399,1,,,,0,0,0
LBY-003400,1,,,,1,0,0
LBY-003401,1,,,,1,1,1
LBY-003402,0,,,,1,1,1
LBY-003403,1,,,,1,1,1
LBY-003404,1,,,,1,1,1
LBY-003405,1,,,,1,1,1
LBY-003406,1,,,,1,1,1
LBY-003407,1,,,,1,1,1
LBY-003408,1,,,,1,1,1
LBY-003409,1,,,,1,1,1
LBY-003410,1,,,,1,1,1
LBY-003411,1,,,,1,1,1
LBY-003412,1,,,,1,1,1
LBY-003413,1,,,,1,1,1
LBY-003414,1,,,,1,1,1
LBY-003415,1,,,,1,1,1
LBY-003416,1,,,,1,0,1
LBY-003417,1,,,,1,1,1
LBY-003418,1,,,,1,1,1
LBY-003419,0,,,,1,0,0
LBY-003420,0,,,,0,0,0
LBY-003421,1,,,,1,1,1
LBY-003422,1,,,,1,1,1
LBY-003423,1,,,,1,1,1
LBY-003424,0,,,,0,1,1
LBY-003425,1,,,,1,1,1
LBY-003426,0,,,,1,0,0
LBY-003427,1,,,,1,1,1
LBY-003428,1,,,,1,1,1
LBY-003429,1,,,,1,0,1
LBY-003430,1,,,,1,1,1
LBY-003431,1,,,,1,1,1
LBY-003432,1,,,,1,1,1
LBY-003433,1,,,,0,0,0
LBY-003434,1,,,,0,1,1
LBY-003435,1,,,,1,1,1
LBY-003436,0,,,,1,1,1
LBY-003437,1,,,,1,1,1
LBY-003438,1,,,,1,1,1
LBY-003439,1,,,,1,1,1
LBY-003440,1,,,,1,1,1
LBY-003441,1,,,,1,1,1
LBY-003442,0,,,,0,0,0
LBY-003443,1,,,,1,1,1
LBY-003444,0,,,,0,1,1
LBY-003445,1,,,,1,1,1
LBY-003446,1,,,,1,1,1
LBY-003447,1,,,,1,1,1
LBY-003448,1,,,,1,1,1
LBY-003449,1,,,,1,1,1
LBY-003450,1,,,,1,1,1
LBY-003451,1,,,,1,1,1
LBY-003452,0,,,,1,1,1
LBY-003453,1,,,,1,1,1
LBY-003454,1,,,,1,1,1
LBY-003455,1,,,,1,1,1
LBY-003456,1,,,,1,1,1
LBY-003457,1,,,,1,1,1
LBY-003458,1,,,,1,1,1
LBY-003459,1,,,,1,1,1
LBY-003460,1,,,,1,1,1
LBY-003461,1,,,,1,1,1
LBY-003462,1,,,,0,1,1
LBY-003463,1,,,,1,1,1
LBY-003464,0,,,,0,0,0
LBY-003465,1,,,,1,1,1
LBY-003466,1,,,,1,1,1
LBY-003467,1,,,,1,1,1
LBY-003468,1,,,,1,1,1
LBY-003469,1,,,,1,1,1
LBY-003470,1,,,,1,1,1
LBY-003471,1,,,,1,1,1
LBY-003472,0,,,,0,0,0
LBY-003473,1,,,,1,1,1
LBY-003474,1,,,,1,1,1
LBY-003475,1,,,,1,1,1
LBY-003476,1,,,,1,1,1
LBY-003477,1,,,,1,1,1
LBY-003478,1,,,,0,0,1
LBY-003479,1,,,,1,1,1
LBY-003480,1,,,,1,1,1
LBY-003481,1,,,,1,1,1
LBY-003482,1,,,,1,1,1
LBY-003483,1,,,,1,1,1
LBY-003484,1,,,,1,1,1
LBY-003485,1,,,,1,1,1
LBY-003486,1,,,,1,1,1
LBY-003487,1,,,,1,1,1
LBY-003488,1,,,,0,1,1
LBY-003489,1,,,,1,1,1
LBY-003490,1,,,,1,1,1
LBY-003491,1,,,,1,1,1
LBY-003492,1,,,,1,1,1
LBY-003493,1,,,,1,1,1
LBY-003494,1,,,,1,1,1
LBY-003495,1,,,,1,1,1
LBY-003496,1,,,,1,1,1
LBY-003497,1,,,,1,1,1
LBY-003498,1,,,,1,1,1
LBY-003499,1,,,,1,1,1
LBY-003500,1,,,,0,1,1
LBY-003501,1,,,,1,1,1
LBY-003502,1,,,,1,1,1
LBY-003503,1,,,,1,1,1
LBY-003504,1,,,,0,1,1
LBY-003505,1,,,,1,1,1
LBY-003506,1,,,,1,1,1
LBY-003507,1,,,,1,1,1
LBY-003508,1,,,,1,1,1
LBY-003509,1,,,,1,1,1
LBY-003510,1,,,,1,1,1
LBY-003511,1,,,,1,1,1
LBY-003512,1,,,,1,1,1
LBY-003513,1,,,,1,1,1
LBY-003514,1,,,,1,1,1
LBY-003515,1,,,,1,1,1
LBY-003516,1,,,,1,1,1
LBY-003517,1,,,,1,1,1
LBY-003518,1,,,,0,1,1
LBY-003519,0,,,,0,0,0
LBY-003520,1,,,,1,1,1
LBY-003521,1,,,,1,1,1
LBY-003522,1,,,,1,1,1
LBY-003523,1,,,,1,1,1
LBY-003524,0,,,,0,0,0
LBY-003525,1,,,,1,1,1
LBY-003526,1,,,,1,1,1
LBY-003527,1,,,,1,1,1
LBY-003528,1,,,,1,1,1
LBY-003529,1,,,,1,1,1
LBY-003530,1,,,,1,1,1
LBY-003531,1,,,,1,1,1
LBY-003532,1,,,,1,1,1
LBY-003533,1,,,,1,1,1
LBY-003534,1,,,,1,1,1
LBY-003536,1,,,,1,1,1
LBY-003537,1,,,,1,1,1
LBY-003538,1,,,,1,1,1
LBY-003539,1,,,,1,0,1
LBY-003540,1,,,,1,1,1
LBY-003541,1,,,,1,1,1
LBY-003542,1,,,,1,1,1
LBY-003543,1,,,,1,1,1
LBY-003544,1,,,,1,1,1
LBY-003545,0,,,,0,0,0
LBY-003546,1,,,,1,1,1
LBY-003547,0,,,,0,0,0
LBY-003548,1,,,,0,0,0
LBY-003549,1,,,,1,1,1
LBY-003550,1,,,,1,1,1
LBY-003551,1,,,,0,1,1
LBY-003552,1,,,,1,1,1
LBY-003553,1,,,,1,1,1
LBY-003554,1,,,,1,1,1
LBY-003555,1,,,,1,1,1
LBY-003556,1,,,,1,1,1
LBY-003557,1,,,,1,1,1
LBY-003558,0,,,,1,0,0
LBY-003559,1,,,,1,1,1
LBY-003560,1,,,,1,1,1
LBY-003561,1,,,,1,1,1
LBY-003562,1,,,,1,1,1
LBY-003563,1,,,,0,0,0
LBY-003564,0,,,,0,0,0
LBY-003565,1,,,,1,1,1
LBY-003566,1,,,,1,1,1
LBY-003567,1,,,,1,1,1
LBY-003568,1,,,,1,1,1
LBY-003569,1,,,,1,1,1
LBY-003570,1,,,,1,1,1
LBY-003571,0,,,,1,0,0
LBY-003572,1,,,,1,1,1
LBY-003573,1,,,,1,1,1
LBY-003574,1,,,,1,1,1
LBY-003575,1,,,,1,1,1
LBY-003576,1,,,,1,1,1
LBY-003577,1,,,,1,1,1
LBY-003578,1,,,,1,1,1
LBY-003579,1,,,,1,1,1
LBY-003580,1,,,,1,1,1
LBY-003581,1,,,,1,1,1
LBY-003582,1,,,,1,1,1
LBY-003583,1,,,,1,1,1
LBY-003584,1,,,,1,1,1
LBY-003585,1,,,,1,1,1
LBY-003586,1,,,,1,1,1
LBY-003587,1,,,,1,1,1
LBY-003588,1,,,,1,1,1
LBY-003589,1,,,,1,1,1
LBY-003590,1,,,,1,1,1
LBY-003591,1,,,,1,1,1
LBY-003592,1,,,,1,1,1
LBY-003593,1,,,,1,1,1
LBY-003594,1,,,,1,1,1
LBY-003595,1,,,,1,1,1
LBY-003596,1,,,,1,1,1
LBY-003597,1,,,,1,1,1
LBY-003598,1,,,,1,0,0
LBY-003599,0,,,,0,0,0
LBY-003600,1,,,,1,1,1
LBY-003601,1,,,,1,1,1
LBY-003602,1,,,,1,1,1
LBY-003603,1,,,,1,1,1
LBY-003604,1,,,,1,1,1
LBY-003605,1,,,,1,1,1
LBY-003606,1,,,,1,1,1
LBY-003607,1,,,,1,1,1
LBY-003608,0,,,,0,0,0
LBY-003609,1,,,,1,1,1
LBY-003610,0,,,,0,0,0
LBY-003611,1,,,,1,1,1
LBY-003612,1,,,,1,0,0
LBY-003613,1,,,,1,1,1
LBY-003614,0,,,,0,0,0
LBY-003615,1,,,,1,1,1
LBY-003616,1,,,,1,1,1
LBY-003617,1,,,,1,1,1
LBY-003618,1,,,,1,1,1
LBY-003619,0,,,,1,1,1
LBY-003620,1,,,,1,0,1
LBY-003621,0,,,,0,0,0
LBY-003622,1,,,,1,1,1
LBY-003623,1,,,,1,1,1
LBY-003624,1,,,,1,1,1
LBY-003625,0,,,,0,0,0
LBY-003626,1,,,,1,1,1
LBY-003627,1,,,,1,1,1
LBY-003628,1,,,,1,1,1
LBY-003629,1,,,,1,1,1
LBY-003630,1,,,,1,1,1
LBY-003631,1,,,,1,1,1
LBY-003632,1,,,,1,1,1
LBY-003633,1,,,,1,1,1
LBY-003634,1,,,,1,1,1
LBY-003635,1,,,,1,1,1
LBY-003636,1,,,,1,1,1
LBY-003637,1,,,,1,1,1
LBY-003638,1,,,,1,1,1
LBY-003639,1,,,,1,1,1
LBY-003640,1,,,,1,1,1
LBY-003641,1,,,,1,1,1
LBY-003642,1,,,,1,1,1
LBY-003643,1,,,,1,1,1
LBY-003644,1,,,,1,0,0
LBY-003645,1,,,,1,1,1
LBY-003646,1,,,,1,1,1
LBY-003647,1,,,,1,1,1
LBY-003648,1,,,,1,1,1
LBY-003649,1,,,,1,1,1
LBY-003650,1,,,,1,1,1
LBY-003651,1,,,,1,1,1
LBY-003652,1,,,,1,1,1
LBY-003653,1,,,,1,1,1
LBY-003654,1,,,,0,1,1
LBY-003655,1,,,,1,1,1
LBY-003656,1,,,,1,1,1
LBY-003657,1,,,,1,1,1
LBY-003658,1,,,,1,1,1
LBY-003659,1,,,,1,1,1
LBY-003660,1,,,,1,1,1
LBY-003661,1,,,,1,1,1
LBY-003662,1,,,,1,0,0
LBY-003663,1,,,,1,1,1
LBY-003664,1,,,,1,1,1
LBY-003665,1,,,,1,1,1
LBY-003666,1,,,,1,1,1
LBY-003667,1,,,,1,1,1
LBY-003668,1,,,,1,1,1
LBY-003669,1,,,,1,1,1
LBY-003670,1,,,,1,1,1
LBY-003671,1,,,,1,1,1
LBY-003672,1,,,,1,1,1
LBY-003673,1,,,,1,1,1
LBY-003674,0,,,,0,1,1
LBY-003675,1,,,,1,1,1
LBY-003676,0,,,,0,0,0
LBY-003677,1,,,,1,1,1
LBY-003678,1,,,,1,1,1
LBY-003679,1,,,,0,1,0
LBY-003680,1,,,,1,1,1
LBY-003681,1,,,,1,1,1
LBY-003682,1,,,,1,1,1
LBY-003683,1,,,,1,1,1
LBY-003684,1,,,,1,1,1
LBY-003685,1,,,,1,1,1
LBY-003686,1,,,,1,1,1
LBY-003687,1,,,,1,1,1
LBY-003688,1,,,,1,1,1
LBY-003689,1,,,,1,1,1
LBY-003690,1,,,,1,1,1
LBY-003691,1,,,,1,1,1
LBY-003692,1,,,,1,1,1
LBY-003693,1,,,,1,1,1
LBY-003694,1,,,,1,1,1
LBY-003695,1,,,,0,1,1
LBY-003696,1,,,,1,1,1
LBY-003697,1,,,,1,1,1
LBY-003700,1,,,,1,1,1
LBY-003701,0,,,,0,0,0
LBY-003702,0,,,,1,1,1
LBY-003703,0,,,,0,0,0
LBY-003704,0,,,,0,0,0
LBY-003705,0,,,,0,0,0
LBY-003706,0,,,,0,0,0
LBY-003707,0,,,,0,0,0
LBY-003708,0,,,,1,0,0
LBY-003709,0,,,,1,1,1
LBY-003710,1,,,,1,1,1
LBY-003711,1,,,,1,1,1
LBY-003712,0,,,,1,1,1
LBY-003713,1,,,,1,1,1
LBY-003715,1,,,,1,1,1
LBY-003717,0,,,,0,0,0
LBY-003718,1,,,,1,1,1
LBY-003719,1,,,,1,1,1
LBY-003720,1,,,,1,1,1
LBY-003721,1,,,,1,1,1
LBY-003722,1,,,,1,1,1
LBY-003723,1,,,,1,1,1
LBY-003724,1,,,,1,1,1
LBY-003725,1,,,,1,1,1
LBY-003726,0,,,,0,1,1
LBY-003727,1,,,,1,1,1
LBY-003728,1,,,,1,1,1
LBY-003729,1,,,,1,1,1
LBY-003730,1,,,,1,1,1
LBY-003731,1,,,,1,1,1
LBY-003732,1,,,,1,1,1
LBY-003733,0,,,,0,0,0
LBY-003734,1,,,,1,1,1
LBY-003735,1,,,,1,1,1
LBY-003736,1,,,,1,1,1
LBY-003737,1,,,,1,1,1
LBY-003738,0,,,,0,0,0
LBY-003739,1,,,,0,1,1
LBY-003740,1,,,,1,1,1
LBY-003741,1,,,,1,0,1
LBY-003742,1,,,,1,1,1
LBY-003743,1,,,,1,1,1
LBY-003744,1,,,,0,1,1
LBY-003745,1,,,,1,1,1
LBY-003746,1,,,,1,1,1
LBY-003747,1,,,,0,1,1
LBY-003748,1,,,,1,1,1
LBY-003749,1,,,,1,1,1
LBY-003750,0,,,,1,1,1
LBY-003751,1,,,,1,1,1
LBY-003752,1,,,,1,1,1
LBY-003753,1,,,,1,1,1
LBY-003754,1,,,,1,1,1
LBY-003755,1,,,,1,1,1
LBY-003756,1,,,,1,1,1
LBY-003757,1,,,,1,0,1
LBY-003758,0,,,,0,0,0
LBY-003759,1,,,,1,1,1
LBY-003760,1,,,,1,1,1
LBY-003761,1,,,,1,1,1
LBY-003762,1,,,,1,1,1
LBY-003763,1,,,,1,1,1
LBY-003764,1,,,,1,1,1
LBY-003765,1,,,,1,1,1
LBY-003766,1,,,,1,1,1
LBY-003767,1,,,,1,1,1
LBY-003768,1,,,,1,1,1
LBY-003769,1,,,,1,1,1
LBY-003770,1,,,,1,0,1
LBY-003771,1,,,,1,1,1
LBY-003772,1,,,,1,0,1
LBY-003773,1,,,,1,0,1
LBY-003774,1,,,,1,1,1
LBY-003775,1,,,,1,0,1
LBY-003776,1,,,,1,1,1
LBY-003777,1,,,,1,1,1
LBY-003778,1,,,,1,0,1
LBY-003779,1,,,,1,1,1
LBY-003780,1,,,,1,1,1
LBY-003781,1,,,,1,1,1
LBY-003782,1,,,,1,1,1
LBY-003783,1,,,,1,0,1
LBY-003784,1,,,,1,0,1
LBY-003785,1,,,,1,0,1
LBY-003786,1,,,,1,1,1
LBY-003787,1,,,,1,0,1
LBY-003788,1,,,,1,1,1
LBY-003789,1,,,,1,1,1
LBY-003790,1,,,,1,1,1
LBY-003791,1,,,,1,1,1
LBY-003792,1,,,,1,1,1
LBY-003793,1,,,,1,1,1
LBY-003794,1,,,,1,1,1
LBY-003795,1,,,,1,1,1
LBY-003796,1,,,,1,1,1
LBY-003797,1,,,,0,1,1
LBY-003798,1,,,,1,1,1
LBY-003799,1,,,,0,0,0
LBY-003800,0,,,,0,0,0
LBY-003801,0,,,,0,0,0
LBY-003802,0,,,,0,1,1
LBY-003803,1,,,,1,1,1
LBY-003804,0,,,,1,0,1
LBY-003805,1,,,,1,0,1
LBY-003806,1,,,,1,1,1
LBY-003807,0,,,,0,0,0
LBY-003808,1,,,,1,0,1
LBY-003809,1,,,,1,1,1
LBY-003810,1,,,,1,0,1
LBY-003811,1,,,,1,1,1
LBY-003812,1,,,,1,1,1
LBY-003813,0,,,,1,1,1
LBY-003814,1,,,,1,0,1
LBY-003815,1,,,,1,0,1
LBY-003816,1,,,,1,1,1
LBY-003817,1,,,,1,1,1
LBY-003818,1,,,,1,1,1
LBY-003819,1,,,,1,1,1
LBY-003820,1,,,,1,1,1
LBY-003821,1,,,,1,1,1
LBY-003822,1,,,,1,1,1
LBY-003823,1,,,,0,1,1
LBY-003824,1,,,,1,1,1
LBY-003825,1,,,,1,1,1
LBY-003826,0,,,,0,0,0
LBY-003827,1,,,,1,1,1
LBY-003828,0,,,,0,0,0
LBY-003829,0,,,,0,0,0
LBY-003830,0,,,,0,0,0
LBY-003831,0,,,,0,0,0
LBY-003832,1,,,,1,1,1
LBY-003833,1,,,,0,1,1
LBY-003834,1,,,,1,1,1
LBY-003835,1,,,,1,0,0
LBY-003836,1,,,,1,1,1
LBY-003837,1,,,,1,1,1
LBY-003838,0,,,,0,0,0
LBY-003839,1,,,,1,1,1
LBY-003840,1,,,,1,1,1
LBY-003841,1,,,,1,1,1
LBY-003842,1,,,,1,1,1
LBY-003843,1,,,,1,0,0
LBY-003844,1,,,,1,1,1
LBY-003845,1,,,,1,1,1
LBY-003846,1,,,,1,1,1
LBY-003847,1,,,,1,1,1
LBY-003848,0,,,,1,1,1
LBY-003849,1,,,,1,1,1
LBY-003850,1,,,,1,1,1
LBY-003851,1,,,,1,1,1
LBY-003852,1,,,,1,1,1
LBY-003853,1,,,,0,1,1
LBY-003854,1,,,,1,0,0
LBY-003855,1,,,,1,1,1
LBY-003856,1,,,,1,1,1
LBY-003857,0,,,,1,0,0
LBY-003858,0,,,,0,0,0
LBY-003859,1,,,,1,1,1
LBY-003860,0,,,,1,0,0
LBY-003861,1,,,,1,1,1
LBY-003862,1,,,,0,1,1
LBY-003863,1,,,,1,1,1
LBY-003864,0,,,,0,0,0
LBY-003865,1,,,,0,0,0
LBY-003866,0,,,,0,0,0
LBY-003867,0,,,,0,0,0
LBY-003868,1,,,,1,1,1
LBY-003869,1,,,,1,1,1
LBY-003870,0,,,,0,0,0
LBY-003871,1,,,,1,1,1
LBY-003872,1,,,,1,1,1
LBY-003873,1,,,,1,1,1
LBY-003874,1,,,,0,1,1
LBY-003875,1,,,,1,1,1
LBY-003876,1,,,,1,1,1
LBY-003877,1,,,,0,1,1
LBY-003878,1,,,,1,1,1
LBY-003879,1,,,,1,1,1
LBY-003880,1,,,,1,0,0
LBY-003881,0,,,,1,0,0
LBY-003882,1,,,,1,1,1
LBY-003883,1,,,,1,1,1
LBY-003884,1,,,,1,1,1
LBY-003885,0,,,,1,1,1
LBY-003886,1,,,,1,1,1
LBY-003887,1,,,,1,1,1
LBY-003888,1,,,,1,1,1
LBY-003889,0,,,,1,1,1
LBY-003890,1,,,,1,1,1
LBY-003891,1,,,,1,1,1
LBY-003892,1,,,,1,1,1
LBY-003893,1,,,,1,1,1
LBY-003894,0,,,,0,0,0
LBY-003895,1,,,,1,1,1
LBY-003896,1,,,,0,1,1
LBY-003897,0,,,,1,0,0
LBY-003898,1,,,,1,1,1
LBY-003899,0,,,,0,0,0
LBY-003900,1,,,,1,1,1
LBY-003901,1,,,,0,1,1
LBY-003902,1,,,,1,1,1
LBY-003903,0,,,,1,1,1
LBY-003904,1,,,,1,1,1
LBY-003905,0,,,,1,0,0
LBY-003906,1,,,,1,1,1
LBY-003907,1,,,,1,0,0
LBY-003908,1,,,,1,1,1
LBY-003909,1,,,,1,1,1
LBY-003910,1,,,,1,1,1
LBY-003911,1,,,,1,1,1
LBY-003912,0,,,,0,0,0
LBY-003913,1,,,,1,1,1
LBY-003914,1,,,,1,1,1
LBY-003915,1,,,,0,0,0
LBY-003916,1,,,,1,1,1
LBY-003917,1,,,,1,1,1
LBY-003918,1,,,,0,0,0
LBY-003919,1,,,,1,1,1
LBY-003920,1,,,,1,1,1
LBY-003921,1,,,,1,1,1
LBY-003922,1,,,,1,1,1
LBY-003923,1,,,,1,1,1
LBY-003924,1,,,,1,1,1
LBY-003925,1,,,,1,1,1
LBY-003926,1,,,,1,1,1
LBY-003927,1,,,,1,1,1
LBY-003928,1,,,,1,1,1
LBY-003929,1,,,,1,1,1
LBY-003930,1,,,,1,1,1
LBY-003931,1,,,,1,1,1
LBY-003932,1,,,,1,1,1
LBY-003933,1,,,,1,1,1
LBY-003934,1,,,,1,1,1
LBY-003935,1,,,,1,1,1
LBY-003936,1,,,,1,1,1
LBY-003937,1,,,,1,1,1
LBY-003938,1,,,,1,1,1
LBY-003939,1,,,,1,1,1
LBY-003940,1,,,,1,1,1
LBY-003941,1,,,,1,1,1
LBY-003942,1,,,,1,1,1
LBY-003943,1,,,,1,1,1
LBY-003944,1,,,,1,1,1
LBY-003945,1,,,,1,1,1
LBY-003946,1,,,,1,1,1
LBY-003947,1,,,,1,1,1
LBY-003948,1,,,,1,1,1
LBY-003949,1,,,,1,1,1
LBY-003950,1,,,,1,1,1
LBY-003951,1,,,,1,1,1
LBY-003952,1,,,,1,1,1
LBY-003953,0,,,,1,0,0
LBY-003954,1,,,,1,1,1
LBY-003955,0,,,,0,0,0
LBY-003956,0,,,,1,0,0
LBY-003957,1,,,,1,1,1
LBY-003958,0,,,,0,0,0
LBY-003959,1,,,,1,0,0
LBY-003960,0,,,,0,0,0
LBY-003961,0,,,,1,0,0
LBY-003962,0,,,,1,0,0
LBY-003963,0,,,,1,0,0
LBY-003964,0,,,,1,1,1
LBY-003965,0,,,,1,0,0
LBY-003966,1,,,,0,0,0
LBY-003967,1,,,,1,1,1
LBY-003968,1,,,,1,0,0
LBY-003969,1,,,,0,0,0
LBY-003970,0,,,,0,1,1
LBY-003971,0,,,,1,0,0
LBY-003972,1,,,,1,0,0
LBY-003973,0,,,,0,0,0
LBY-003974,1,,,,1,1,1
LBY-003975,1,,,,0,0,0
LBY-003976,1,,,,1,1,1
LBY-003977,1,,,,1,1,1
LBY-003978,1,,,,1,1,1
LBY-003979,1,,,,1,1,1
LBY-003980,1,,,,0,0,0
LBY-003981,1,,,,0,0,0
LBY-003982,1,,,,1,1,1
LBY-003983,1,,,,1,1,1
LBY-003984,1,,,,1,1,1
LBY-003985,1,,,,1,1,1
LBY-003986,1,,,,1,0,0
LBY-003987,1,,,,1,1,1
LBY-003988,1,,,,1,1,1
LBY-003989,1,,,,1,1,1
LBY-003990,1,,,,1,1,1
LBY-003991,1,,,,1,1,1
LBY-003992,1,,,,1,1,1
LBY-003993,1,,,,1,1,1
LBY-003994,1,,,,1,1,1
LBY-003995,1,,,,1,0,0
LBY-003996,1,,,,1,1,1
LBY-003997,1,,,,1,1,1
LBY-003998,1,,,,1,1,1
LBY-003999,1,,,,1,1,1
LBY-004000,1,,,,1,1,1
LBY-004001,0,,,,0,0,0
LBY-004002,1,,,,1,0,0
LBY-004003,1,,,,1,1,1
LBY-004004,1,,,,0,1,1
LBY-004005,1,,,,1,1,1
LBY-004006,1,,,,1,1,1
LBY-004007,1,,,,1,1,1
LBY-004008,1,,,,1,1,1
LBY-004009,1,,,,1,1,1
LBY-004010,1,,,,1,1,1
LBY-004011,1,,,,1,1,1
LBY-004012,1,,,,1,1,1
LBY-004013,1,,,,1,1,1
LBY-004014,1,,,,0,1,1
LBY-004015,1,,,,1,1,1
LBY-004016,1,,,,1,1,1
LBY-004017,1,,,,1,0,0
LBY-004018,1,,,,1,0,1
LBY-004019,1,,,,1,1,1
LBY-004020,1,,,,1,0,1
LBY-004021,1,,,,1,1,1
LBY-004022,1,,,,1,0,1
LBY-004023,1,,,,1,1,1
LBY-004024,1,,,,1,1,1
LBY-004025,1,,,,1,1,1
LBY-004026,1,,,,1,0,1
LBY-004027,1,,,,0,0,0
LBY-004028,1,,,,1,0,1
LBY-004029,1,,,,1,1,1
LBY-004030,1,,,,1,0,1
LBY-004031,1,,,,1,1,1
LBY-004032,1,,,,0,0,0
LBY-004033,1,,,,1,1,1
LBY-004034,1,,,,1,1,1
LBY-004035,1,,,,1,0,1
LBY-004036,1,,,,1,1,1
LBY-004037,1,,,,1,1,1
LBY-004038,1,,,,1,1,1
LBY-004040,1,,,,1,1,1
LBY-004041,1,,,,0,0,0
LBY-004042,1,,,,0,1,1
LBY-004043,0,,,,0,0,0
LBY-004044,1,,,,1,1,1
LBY-004045,0,,,,0,0,0
LBY-004046,0,,,,1,1,1
LBY-004047,1,,,,1,1,1
LBY-004048,0,,,,0,0,0
LBY-004049,1,,,,0,0,0
LBY-004050,0,,,,0,0,0
LBY-004051,1,,,,1,0,1
LBY-004052,1,,,,1,0,1
LBY-004053,0,,,,0,0,0
LBY-004054,1,,,,0,0,0
LBY-004055,1,,,,1,1,1
LBY-004056,0,,,,0,0,0
LBY-004057,1,,,,1,1,1
LBY-004058,1,,,,1,1,1
LBY-004059,0,,,,1,1,1
LBY-004060,1,,,,1,1,1
LBY-004061,0,,,,0,0,0
LBY-004062,1,,,,1,1,1
LBY-004063,0,,,,0,0,0
LBY-004064,1,,,,1,1,1
LBY-004065,0,,,,0,0,0
LBY-004066,1,,,,1,1,1
LBY-004067,0,,,,0,0,0
LBY-004068,1,,,,1,1,1
LBY-004069,1,,,,0,1,1
LBY-004070,1,,,,0,1,1
LBY-004071,0,,,,0,1,1
LBY-004072,1,,,,1,0,1
LBY-004073,1,,,,1,1,1
LBY-004074,1,,,,1,1,1
LBY-004075,1,,,,1,1,1
LBY-004076,1,,,,1,1,1
LBY-004077,1,,,,1,1,1
LBY-004078,1,,,,1,1,1
LBY-004079,1,,,,0,1,1
LBY-004080,1,,,,1,1,1
LBY-004081,1,,,,0,1,1
LBY-004082,1,,,,1,1,1
LBY-004083,1,,,,1,1,1
LBY-004084,1,,,,1,1,1
LBY-004085,1,,,,1,1,1
LBY-004086,0,,,,1,1,1
LBY-004087,1,,,,1,1,1
LBY-004088,1,,,,0,1,1
LBY-004089,1,,,,1,1,1
LBY-004090,1,,,,1,1,1
LBY-004091,1,,,,1,0,1
LBY-004092,1,,,,1,1,0
LBY-004093,1,,,,1,1,1
LBY-004094,1,,,,1,1,1
LBY-004095,1,,,,1,1,1
LBY-004096,1,,,,1,1,1
LBY-004097,1,,,,1,1,1
LBY-004098,1,,,,1,1,1
LBY-004099,1,,,,1,1,1
LBY-004100,1,,,,0,1,1
LBY-004101,1,,,,1,1,1
LBY-004102,1,,,,0,1,1
LBY-004103,1,,,,1,1,1
LBY-004104,0,,,,1,1,1
LBY-004105,1,,,,1,1,1
LBY-004107,1,,,,0,0,0
LBY-004108,1,,,,1,1,1
LBY-004109,1,,,,1,1,1
LBY-004110,1,,,,1,1,1
LBY-004111,1,,,,0,1,1
LBY-004112,1,,,,0,1,1
LBY-004113,0,,,,1,1,1
LBY-004114,1,,,,1,1,1
LBY-004116,1,,,,1,1,1
LBY-004117,1,,,,1,1,1
LBY-004118,1,,,,1,1,1
LBY-004119,1,,,,1,1,1
LBY-004120,0,,,,0,1,1
LBY-004121,1,,,,1,1,1
LBY-004123,1,,,,1,1,1
LBY-004124,0,,,,1,0,0
LBY-004125,0,,,,0,1,1
LBY-004126,1,,,,1,1,1
LBY-004127,1,,,,0,0,0
LBY-004128,0,,,,0,0,0
LBY-004129,1,,,,1,1,1
LBY-004130,1,,,,1,1,1
LBY-004131,1,,,,1,1,1
LBY-004132,0,,,,1,1,1
LBY-004134,1,,,,1,1,1
LBY-004138,1,,,,1,1,1
LBY-004139,1,,,,1,1,1
LBY-004140,0,,,,0,1,1
LBY-004141,1,,,,1,1,1
LBY-004142,1,,,,1,1,1
LBY-004144,1,,,,1,1,1
LBY-004145,1,,,,1,1,1
LBY-004146,1,,,,1,1,1
LBY-004147,1,,,,1,1,1
LBY-004148,1,,,,1,1,1
LBY-004149,1,,,,0,1,1
LBY-004150,1,,,,1,1,1
LBY-004151,1,,,,1,0,0
LBY-004152,1,,,,1,0,1
LBY-004153,1,,,,1,1,1
LBY-004154,1,,,,1,1,1
LBY-004155,1,,,,1,1,1
LBY-004156,1,,,,1,1,1
LBY-004157,1,,,,1,1,1
LBY-004158,1,,,,1,1,1
LBY-004159,1,,,,1,0,0
LBY-004160,1,,,,1,1,1
LBY-004161,1,,,,1,1,1
LBY-004162,1,,,,1,1,1
LBY-004163,0,,,,1,1,1
LBY-004164,1,,,,1,1,1
LBY-004165,1,,,,1,1,1
LBY-004166,1,,,,1,1,1
LBY-004167,1,,,,0,1,1
LBY-004168,1,,,,1,1,1
LBY-004169,1,,,,1,1,1
LBY-004170,1,,,,1,0,1
LBY-004171,1,,,,1,0,0
LBY-004172,1,,,,1,1,1
LBY-004173,1,,,,0,1,1
LBY-004174,1,,,,1,1,1
LBY-004175,1,,,,1,1,1
LBY-004176,0,,,,1,1,1
LBY-004177,1,,,,1,1,1
LBY-004178,1,,,,1,1,1
LBY-004179,1,,,,1,1,1
LBY-004180,1,,,,1,1,1
LBY-004181,1,,,,1,1,1
LBY-004182,1,,,,1,1,1
LBY-004183,1,,,,1,1,1
LBY-004184,1,,,,1,1,1
LBY-004185,1,,,,1,1,1
LBY-004186,1,,,,1,1,1
LBY-004187,1,,,,0,0,0
LBY-004188,1,,,,1,1,1
LBY-004189,1,,,,1,1,1
LBY-004190,1,,,,1,0,0
LBY-004191,1,,,,1,1,1
LBY-004192,1,,,,1,1,1
LBY-004193,1,,,,0,1,1
LBY-004194,1,,,,1,1,1
LBY-004195,0,,,,1,1,1
LBY-004196,1,,,,1,1,1
LBY-004197,1,,,,1,1,1
LBY-004198,1,,,,0,1,1
LBY-004199,1,,,,0,1,1
LBY-004200,1,,,,1,0,0
LBY-004201,1,,,,1,1,1
LBY-004202,1,,,,0,0,1
LBY-004203,1,,,,1,0,0
LBY-004204,1,,,,1,0,1
LBY-004205,0,,,,0,0,0
LBY-004206,1,,,,1,1,1
LBY-004207,0,,,,0,0,0
LBY-004208,1,,,,0,0,0
LBY-004209,1,,,,0,0,0
LBY-004210,1,,,,0,0,0
LBY-004211,1,,,,0,1,1
LBY-004212,1,,,,0,1,1
LBY-004213,1,,,,0,0,0
LBY-004214,0,,,,0,0,0
LBY-004215,0,,,,0,1,1
LBY-004216,1,,,,1,1,1
LBY-004217,1,,,,1,1,1
LBY-004218,0,,,,1,0,0
LBY-004219,1,,,,1,0,1
LBY-004220,1,,,,1,1,1
LBY-004221,1,,,,0,1,1
LBY-004222,1,,,,1,1,1
LBY-004223,1,,,,0,0,0
LBY-004224,1,,,,1,1,1
LBY-004225,1,,,,0,1,1
LBY-004226,1,,,,0,0,0
LBY-004227,1,,,,1,1,1
LBY-004228,1,,,,0,1,1
LBY-004229,0,,,,0,0,0
LBY-004230,1,,,,1,1,1
LBY-004231,1,,,,0,0,0
LBY-004232,1,,,,0,0,0
LBY-004233,1,,,,1,0,0
LBY-004234,0,,,,0,0,0
LBY-004235,1,,,,1,0,0
LBY-004236,1,,,,1,1,1
LBY-004237,1,,,,0,0,0
LBY-004238,1,,,,1,1,1
LBY-004239,1,,,,1,0,0
LBY-004240,1,,,,0,0,0
LBY-004241,1,,,,1,1,1
LBY-004242,1,,,,1,1,1
LBY-004243,1,,,,1,1,1
LBY-004244,1,,,,1,1,1
LBY-004245,1,,,,1,1,1
LBY-004246,1,,,,1,1,1
LBY-004247,1,,,,1,1,1
LBY-004248,1,,,,1,1,1
LBY-004249,1,,,,1,1,1
LBY-004250,1,,,,1,1,1
LBY-004251,1,,,,1,1,1
LBY-004252,1,,,,1,1,1
LBY-004253,1,,,,1,1,1
LBY-004254,1,,,,1,1,1
LBY-004255,1,,,,1,1,1
LBY-004256,1,,,,0,1,1
LBY-004257,0,,,,1,0,0
LBY-004258,1,,,,0,1,1
LBY-004259,1,,,,1,1,1
LBY-004260,1,,,,0,0,0
LBY-004261,1,,,,0,0,0
LBY-004262,1,,,,1,1,1
LBY-004263,1,,,,1,1,1
LBY-004264,0,,,,1,0,0
LBY-004265,1,,,,1,0,0
LBY-004266,1,,,,1,0,0
LBY-004267,1,,,,1,1,1
LBY-004268,1,,,,0,0,0
LBY-004269,1,,,,1,1,1
LBY-004270,1,,,,1,0,0
LBY-004271,1,,,,1,1,1
LBY-004272,1,,,,1,1,1
LBY-004273,1,,,,1,1,1
LBY-004274,1,,,,1,1,1
LBY-004275,1,,,,1,1,1
LBY-004276,1,,,,1,1,1
LBY-004277,1,,,,1,1,1
LBY-004278,1,,,,1,0,0
LBY-004279,1,,,,1,1,1
LBY-004280,1,,,,1,1,1
LBY-004281,1,,,,1,0,0
LBY-004282,0,,,,0,0,0
LBY-004283,1,,,,0,0,0
LBY-004284,1,,,,1,1,1
LBY-004285,1,,,,0,0,0
LBY-004286,0,,,,0,0,0
LBY-004287,1,,,,1,1,1
LBY-004288,1,,,,1,1,1
LBY-004289,1,,,,0,0,0
LBY-004290,1,,,,0,0,0
LBY-004291,1,,,,1,1,1
LBY-004292,0,,,,0,0,0
LBY-004293,1,,,,1,1,1
LBY-004294,1,,,,1,1,1
LBY-004295,0,,,,0,0,0
LBY-004296,0,,,,0,0,0
LBY-004297,1,,,,1,1,1
LBY-004298,1,,,,1,1,1
LBY-004299,1,,,,1,1,1
LBY-004300,1,,,,1,1,1
LBY-004301,1,,,,1,1,1
LBY-004302,1,,,,1,1,1
LBY-004303,1,,,,1,1,1
LBY-004304,1,,,,1,1,1
LBY-004305,1,,,,0,0,0
LBY-004306,1,,,,1,1,1
LBY-004307,1,,,,0,0,0
LBY-004308,1,,,,1,0,0
LBY-004309,0,,,,0,0,0
LBY-004310,1,,,,1,1,1
LBY-004312,1,,,,0,0,0
LBY-004313,1,,,,1,1,1
LBY-004314,1,,,,1,1,1
LBY-004315,1,,,,1,1,1
LBY-004316,1,,,,1,1,1
LBY-004317,1,,,,1,1,1
LBY-004318,1,,,,1,1,1
LBY-004319,1,,,,1,1,1
LBY-004320,1,,,,0,0,0
LBY-004321,1,,,,0,1,1
LBY-004322,1,,,,0,0,0
LBY-004323,1,,,,1,1,1
LBY-004325,1,,,,1,0,0
LBY-004326,1,,,,0,0,0
LBY-004327,1,,,,1,1,1
LBY-004328,1,,,,1,1,1
LBY-004329,1,,,,0,1,1
LBY-004330,1,,,,1,1,1
LBY-004331,1,,,,0,1,1
LBY-004332,1,,,,0,1,1
LBY-004333,1,,,,1,1,1
LBY-004334,1,,,,1,1,1
LBY-004335,1,,,,1,1,1
LBY-004336,1,,,,1,1,1
LBY-004337,1,,,,1,1,1
LBY-004338,1,,,,1,0,1
LBY-004339,1,,,,1,1,1
LBY-004340,1,,,,1,1,1
LBY-004341,1,,,,1,1,1
LBY-004343,0,,,,1,1,1
LBY-004344,1,,,,1,1,1
LBY-004345,1,,,,0,1,1
LBY-004346,1,,,,1,1,1
LBY-004347,1,,,,1,1,1
LBY-004348,1,,,,1,1,1
LBY-004349,1,,,,1,1,1
LBY-004350,1,,,,1,1,1
LBY-004351,1,,,,1,1,1
LBY-004352,1,,,,1,1,1
LBY-004353,1,,,,1,1,1
LBY-004355,1,,,,0,1,1
LBY-004356,1,,,,0,0,0
LBY-004357,0,,,,0,1,1
LBY-004358,1,,,,1,1,1
LBY-004359,1,,,,0,0,0
LBY-004360,1,,,,1,0,0
LBY-004361,1,,,,0,1,1
LBY-004362,1,,,,0,1,1
LBY-004363,1,,,,1,1,1
LBY-004364,0,,,,0,1,1
LBY-004365,1,,,,1,1,1
LBY-004366,1,,,,1,1,1
LBY-004367,1,,,,1,1,1
LBY-004368,1,,,,1,1,1
LBY-004369,1,,,,1,1,1
LBY-004370,1,,,,1,1,1
LBY-004371,1,,,,0,0,0
LBY-004374,1,,,,1,1,1
LBY-004375,1,,,,1,1,1
LBY-004376,1,,,,1,1,1
LBY-004377,1,,,,1,1,1
LBY-004378,1,,,,1,0,1
LBY-004379,1,,,,1,1,1
LBY-004380,0,,,,1,1,1
LBY-004381,1,,,,1,1,1
LBY-004382,1,,,,1,1,1
LBY-004383,1,,,,1,1,1
LBY-004384,1,,,,1,1,1
LBY-004385,0,,,,1,1,1
LBY-004386,1,,,,1,1,1
LBY-004387,1,,,,1,1,1
LBY-004388,1,,,,1,1,1
LBY-004389,1,,,,1,1,1
LBY-004390,1,,,,1,1,1
LBY-004391,1,,,,1,1,1
LBY-004392,1,,,,1,1,1
LBY-004393,0,,,,1,1,1
LBY-004394,1,,,,1,1,1
LBY-004395,1,,,,1,1,1
LBY-004396,1,,,,1,1,1
LBY-004397,1,,,,1,1,1
LBY-004398,1,,,,1,1,1
LBY-004399,1,,,,1,1,1
LBY-004400,1,,,,1,1,1
LBY-004401,1,,,,1,1,1
LBY-004402,1,,,,1,0,0
LBY-004403,1,,,,1,0,1
LBY-004404,1,,,,0,1,1
LBY-004405,0,,,,0,0,0
LBY-004406,1,,,,1,1,1
LBY-004407,1,,,,1,1,1
LBY-004408,1,,,,1,1,1
LBY-004409,1,,,,1,1,0
LBY-004410,1,,,,0,0,0
LBY-004411,1,,,,1,1,1
LBY-004412,1,,,,1,1,1
LBY-004413,1,,,,1,1,1
LBY-004414,1,,,,1,1,1
LBY-004415,1,,,,1,1,1
LBY-004416,0,,,,1,1,1
LBY-004417,1,,,,1,1,1
LBY-004418,1,,,,1,1,1
LBY-004419,1,,,,1,1,1
LBY-004420,1,,,,1,1,1
LBY-004421,1,,,,1,1,1
LBY-004422,1,,,,1,1,1
LBY-004423,1,,,,1,1,1
LBY-004424,1,,,,1,1,1
LBY-004425,1,,,,1,1,1
LBY-004426,1,,,,1,1,1
LBY-004427,1,,,,1,1,1
LBY-004428,1,,,,1,1,1
LBY-004429,1,,,,1,1,1
LBY-004430,1,,,,1,1,1
LBY-004431,1,,,,1,1,1
LBY-004432,0,,,,1,1,1
LBY-004433,1,,,,1,1,1
LBY-004434,1,,,,1,1,1
LBY-004435,1,,,,0,1,1
LBY-004436,1,,,,1,1,1
LBY-004438,1,,,,1,1,1
LBY-004439,1,,,,1,1,1
LBY-004440,1,,,,1,1,1
LBY-004441,1,,,,1,1,1
LBY-004442,1,,,,1,1,1
LBY-004443,1,,,,1,1,1
LBY-004444,1,,,,1,1,1
LBY-004445,1,,,,1,1,1
LBY-004446,1,,,,1,1,1
LBY-004447,1,,,,1,1,1
LBY-004448,1,,,,1,1,1
LBY-004450,1,,,,1,1,1
LBY-004451,1,,,,0,1,1
LBY-004452,1,,,,1,1,1
LBY-004454,1,,,,1,1,1
LBY-004455,1,,,,1,1,1
LBY-004456,1,,,,1,1,1
LBY-004459,1,,,,1,1,1
LBY-004460,1,,,,1,1,0
LBY-004461,1,,,,1,1,1
LBY-004462,1,,,,1,1,1
LBY-004463,0,,,,1,1,1
LBY-004464,1,,,,1,1,1
LBY-004465,0,,,,1,1,1
LBY-004466,1,,,,1,1,1
LBY-004467,1,,,,1,1,1
LBY-004469,0,,,,1,1,1
LBY-004470,1,,,,1,1,1
LBY-004472,1,,,,1,1,1
LBY-004473,1,,,,1,1,1
LBY-004474,1,,,,1,1,1
LBY-004475,1,,,,1,1,1
LBY-004476,1,,,,1,1,1
LBY-004477,1,,,,1,1,1
LBY-004478,1,,,,1,1,1
LBY-004479,1,,,,1,1,1
LBY-004481,1,,,,1,1,1
LBY-004482,1,,,,1,1,1
LBY-004483,1,,,,1,1,1
LBY-004484,1,,,,1,1,1
LBY-004485,1,,,,1,1,1
LBY-004486,1,,,,1,1,1
LBY-004487,1,,,,1,1,1
LBY-004488,1,,,,1,1,1
LBY-004489,1,,,,1,1,1
LBY-004490,1,,,,1,1,1
LBY-004491,1,,,,1,1,1
LBY-004492,1,,,,1,1,1
LBY-004494,1,,,,1,1,1
LBY-004495,1,,,,1,1,1
LBY-004496,1,,,,1,1,1
LBY-004497,1,,,,1,1,1
LBY-004498,1,,,,1,1,1
LBY-004499,1,,,,1,1,1
LBY-004500,1,,,,1,1,1
LBY-004501,1,,,,1,1,1
LBY-004502,1,,,,1,1,1
LBY-004503,1,,,,1,1,1
LBY-004504,1,,,,1,1,1
LBY-004505,1,,,,1,1,1
LBY-004506,1,,,,1,1,1
LBY-004507,1,,,,1,1,1
LBY-004508,1,,,,1,1,1
LBY-004509,1,,,,1,1,1
LBY-004510,1,,,,1,1,1
LBY-004511,1,,,,1,1,1
LBY-004512,1,,,,1,1,1
LBY-004513,1,,,,0,1,1
LBY-004515,1,,,,1,1,1
LBY-004516,1,,,,1,1,1
LBY-004517,1,,,,1,1,1
LBY-004519,1,,,,1,1,1
LBY-004520,1,,,,1,1,1
LBY-004521,1,,,,0,1,1
LBY-004522,1,,,,1,1,1
LBY-004523,1,,,,0,1,1
LBY-004524,1,,,,1,1,1
LBY-004525,1,,,,1,1,1
LBY-004526,1,,,,1,1,1
LBY-004527,1,,,,1,1,1
LBY-004528,0,,,,1,1,1
LBY-004529,1,,,,0,1,1
LBY-004530,1,,,,1,1,1
LBY-004531,1,,,,1,1,1
LBY-004532,1,,,,1,1,1
LBY-004533,0,,,,0,0,0
LBY-004534,1,,,,1,1,1
LBY-004535,1,,,,1,1,1
LBY-004536,1,,,,1,1,1
LBY-004537,1,,,,1,1,1
LBY-004538,1,,,,1,1,1
LBY-004539,1,,,,1,1,1
LBY-004540,1,,,,1,1,1
LBY-004541,1,,,,1,1,1
LBY-004542,1,,,,1,1,1
LBY-004543,1,,,,1,1,1
LBY-004544,1,,,,1,1,1
LBY-004545,1,,,,1,1,1
LBY-004546,1,,,,1,1,1
LBY-004547,1,,,,1,1,1
LBY-004548,1,,,,1,1,1
LBY-004549,1,,,,1,1,1
LBY-004550,1,,,,1,1,1
LBY-004551,1,,,,1,1,1
LBY-004552,1,,,,1,1,1
LBY-004553,1,,,,1,1,1
LBY-004554,1,,,,1,1,1
LBY-004555,1,,,,1,1,1
LBY-004556,1,,,,1,1,1
LBY-004557,0,,,,0,1,1
LBY-004558,1,,,,1,1,1
LBY-004559,1,,,,1,0,1
LBY-004560,1,,,,0,1,1
LBY-004561,1,,,,1,1,1
LBY-004562,0,,,,1,1,1
LBY-004563,1,,,,1,1,1
LBY-004564,1,,,,0,1,1
LBY-004565,1,,,,1,1,1
LBY-004566,0,,,,1,1,1
LBY-004567,0,,,,1,1,1
LBY-004568,1,,,,1,1,1
LBY-004569,1,,,,1,1,1
LBY-004570,1,,,,1,1,1
LBY-004571,1,,,,1,1,1
LBY-004572,1,,,,1,1,1
LBY-004573,1,,,,0,1,1
LBY-004574,0,,,,1,1,1
LBY-004575,1,,,,1,1,1
LBY-004576,1,,,,1,1,1
LBY-004577,1,,,,1,1,1
LBY-004578,1,,,,1,0,1
LBY-004579,1,,,,1,1,1
LBY-004580,1,,,,1,1,1
LBY-004581,1,,,,1,1,1
LBY-004582,1,,,,1,0,1
LBY-004583,1,,,,1,1,1
LBY-004584,1,,,,1,1,1
LBY-004585,1,,,,1,1,1
LBY-004586,1,,,,1,1,1
LBY-004587,1,,,,1,1,1
LBY-004588,1,,,,1,1,1
LBY-004589,1,,,,1,1,1
LBY-004590,1,,,,1,1,1
LBY-004591,1,,,,1,1,1
LBY-004592,1,,,,1,1,1
LBY-004593,1,,,,1,1,1
LBY-004594,1,,,,1,1,1
LBY-004595,1,,,,1,1,1
LBY-004596,1,,,,1,1,1
LBY-004598,1,,,,1,1,1
LBY-004599,1,,,,1,1,1
LBY-004600,1,,,,1,1,1
LBY-004601,1,,,,1,0,1
LBY-004602,1,,,,1,1,1
LBY-004603,1,,,,1,1,1
LBY-004604,1,,,,1,1,1
LBY-004605,1,,,,1,1,1
LBY-004606,1,,,,1,1,1
LBY-004607,1,,,,1,1,1
LBY-004608,1,,,,1,1,1
LBY-004609,1,,,,1,1,1
LBY-004610,1,,,,1,1,1
LBY-004611,1,,,,1,1,1
LBY-004612,1,,,,1,1,1
LBY-004613,1,,,,1,1,1
LBY-004614,1,,,,1,1,1
LBY-004615,1,,,,1,1,1
LBY-004616,1,,,,1,1,1
LBY-004617,1,,,,1,1,1
LBY-004618,1,,,,1,1,1
LBY-004619,1,,,,1,1,1
LBY-004620,1,,,,1,0,1
LBY-004621,1,,,,1,1,1
LBY-004622,1,,,,1,0,0
LBY-004623,1,,,,1,1,1
LBY-004624,0,,,,1,1,1
LBY-004625,0,,,,1,1,1
LBY-004626,1,,,,1,1,1
LBY-004627,1,,,,1,1,1
