{"boundaryID": "GTM-ADM2-79465075", "boundaryISO": "GTM", "boundaryYear": "2021", "boundaryType": "ADM2", "boundarySource": "Coordinadora Nacional Para La Reducci\u00f3n De Desastres, OCHA FISS", "boundaryCanonical": "Municipio", "boundaryLicense": "Creative Commons Attribution 3.0 Intergovernmental Organisations (CC BY 3.0 IGO)", "licenseDetail": "", "licenseSource": "https//data.humdata.org/dataset/guatemala-administrative-level-0-national-1-departments-and-2-municipalities", "boundarySourceURL": "https//data.humdata.org/dataset/guatemala-administrative-level-0-national-1-departments-and-2-municipalities", "sourceDataUpdateDate": "Thu Jan 19 07:31:04 2023", "buildDate": "Dec 12, 2023", "admUnitCount": "342", "meanVertices": "326.0", "minVertices": "22", "maxVertices": "2692", "meanPerimeterLengthKM": "83.65357434716361", "maxPerimeterLengthKM": "509.2071533438191", "minPerimeterLengthKM": "10.396039753588532", "meanAreaSqKM": "316.4659847498053", "minAreaSqKM": "4.729872892632018", "maxAreaSqKM": "8035.489721795455"}