{"boundaryID": "HND-ADM2-27666195", "boundaryISO": "HND", "boundaryYear": "2019", "boundaryType": "ADM2", "boundarySource": "ICF - Instituto Nacional de Conservaci\u00f3n y Desarrollo Forestal, \u00c1reas Protegidas y Vida Silvestre, Gobierno de la Rep\u00fablica de Honduras", "boundaryCanonical": "Municipalities", "boundaryLicense": "Creative Commons Attribution 4.0 International (CC BY 4.0)", "licenseDetail": "", "licenseSource": "https//creativecommons.org/licenses/by/4.0/", "boundarySourceURL": "https//datos.gob.hn/en/dataset/limites-municipales/resource/0a086bb7-1e3e-4cb0-b7d8-e21a8417dc5f", "sourceDataUpdateDate": "Thu Jan 19 07:31:04 2023", "buildDate": "Jan 23, 2023", "admUnitCount": "299", "meanVertices": "6844.0", "minVertices": "25", "maxVertices": "48090", "meanPerimeterLengthKM": "99.57795155875301", "maxPerimeterLengthKM": "1184.672267316241", "minPerimeterLengthKM": "25.052481317711425", "meanAreaSqKM": "373.58531670101894", "minAreaSqKM": "22.536114736445946", "maxAreaSqKM": "7265.382283205427"}