{"boundaryID": "LBY-ADM1-10800210", "boundaryISO": "LBY", "boundaryYear": "2021", "boundaryType": "ADM1", "boundarySource": "Natural Earth", "boundaryCanonical": "Districts", "boundaryLicense": "Public Domain", "licenseDetail": "", "licenseSource": "https//www.naturalearthdata.com/about/terms-of-use/", "boundarySourceURL": "https//www.naturalearthdata.com/downloads/10m-cultural-vectors/10m-admin-0-details/", "sourceDataUpdateDate": "Thu Jan 19 07:31:04 2023", "buildDate": "Dec 12, 2023", "admUnitCount": "22", "meanVertices": "88.0", "minVertices": "19", "maxVertices": "180", "meanPerimeterLengthKM": "1106.2821847338612", "maxPerimeterLengthKM": "2767.18958238974", "minPerimeterLengthKM": "164.44106935899683", "meanAreaSqKM": "73807.22403635607", "minAreaSqKM": "1332.9090700842116", "maxAreaSqKM": "422896.38485165854"}